country,Area(sq km),Birth rate(births/1000 population),Current account balance,Death rate(deaths/1000 population),Debt - external,Electricity - consumption(kWh),Electricity - production(kWh),Exports,GDP,GDP - per capita,GDP - real growth rate(%),HIV/AIDS - adult prevalence rate(%),HIV/AIDS - deaths,HIV/AIDS - people living with HIV/AIDS,Highways(km),Imports,Industrial production growth rate(%),Infant mortality rate(deaths/1000 live births),Inflation rate (consumer prices)(%),Internet hosts,Internet users,Investment (gross fixed)(% of GDP),Labor force,Life expectancy at birth(years),Military expenditures - dollar figure,Military expenditures - percent of GDP(%),Natural gas - consumption(cu m),Natural gas - exports(cu m),Natural gas - imports(cu m),Natural gas - production(cu m),Natural gas - proved reserves(cu m),Oil - consumption(bbl/day),Oil - exports(bbl/day),Oil - imports(bbl/day),Oil - production(bbl/day),Oil - proved reserves(bbl),Population,Public debt(% of GDP),Railways(km),Reserves of foreign exchange & gold,Telephones - main lines in use,Telephones - mobile cellular,Total fertility rate(children born/woman),Unemployment rate(%)
Afghanistan,647500,47.02,,20.75,8000000000.0,652200000.0,540000000.0,446000000.0,21500000000.0,800.0,7.5,0.01,,,21000.0,3759000000.0,,163.07,10.3,,1000.0,,11800000.0,42.9,188400000.0,2.6,220000000.0,0.0,0.0,220000000.0,49980000000.0,3500.0,,,0.0,0.0,29928987.0,,,,33100.0,15000.0,6.75,
Akrotiri,123,,,,,,,,,,,,,,,,,,,,,,,,,,,,,,,,,,,,,,,,,,,
Albania,28748,15.08,-504000000.0,5.12,1410000000.0,6760000000.0,5680000000.0,552400000.0,17460000000.0,4900.0,5.6,,,,18000.0,2076000000.0,3.1,21.52,3.2,455.0,30000.0,18.4,1090000.0,77.24,56500000.0,1.49,30000000.0,0.0,0.0,30000000.0,3316000000.0,7500.0,0.0,5500.0,2000.0,185500000.0,3563112.0,,447.0,1206000000.0,255000.0,1100000.0,2.04,14.8
Algeria,2381740,17.13,11900000000.0,4.6,21900000000.0,23610000000.0,25760000000.0,32160000000.0,212300000000.0,6600.0,6.1,0.1,500.0,9100.0,104000.0,15250000000.0,6.0,31.0,3.1,897.0,500000.0,26.2,9910000.0,73.0,2480000000.0,3.2,22320000000.0,57980000000.0,0.0,80300000000.0,4739000000000.0,209000.0,,,1200000.0,11870000000.0,32531853.0,37.4,3973.0,43550000000.0,2199600.0,1447310.0,1.92,25.4
American Samoa,199,23.13,,3.33,,120900000.0,130000000.0,30000000.0,500000000.0,8000.0,,,,,185.0,123000000.0,,9.27,,,,,14000.0,75.84,,,,,,,,3800.0,,,0.0,,57881.0,,,,15000.0,2377.0,3.25,6.0
Andorra,468,9.0,,6.07,,,,58000000.0,1900000000.0,26800.0,2.0,,,,269.0,1077000000.0,,4.05,4.3,4144.0,24500.0,,33000.0,83.51,,,,,,,,,,,,,70549.0,,,,35000.0,23500.0,1.29,0.0
Angola,1246700,44.64,-37880000.0,25.9,10450000000.0,1587000000.0,1707000000.0,12760000000.0,23170000000.0,2100.0,11.7,3.9,21000.0,240000.0,51429.0,4896000000.0,1.0,191.19,43.8,17.0,41000.0,34.5,5410000.0,36.61,183580000.0,10.6,530000000.0,0.0,0.0,530000000.0,79570000000.0,31000.0,,,980000.0,22880000000.0,11190786.0,,2761.0,800000000.0,96300.0,130000.0,6.27,
Anguilla,102,14.26,,5.43,8800000.0,42600000.0,,2600000.0,112000000.0,7500.0,2.8,,,,105.0,80900000.0,3.1,21.03,2.3,,3000.0,,6049.0,77.11,,,,,,,,,,,,,13254.0,,,,6200.0,1800.0,1.73,8.0
Antarctica,14000000,,,,,,,,,,,,,,,,,,,,,,,,,,,,,,,,,,,,,,,,0.0,,,
Antigua and Barbuda,443,17.26,,5.44,231000000.0,103000000.0,110800000.0,689000000.0,750000000.0,11000.0,3.0,,,,250.0,692000000.0,6.0,19.46,0.4,1665.0,10000.0,,30000.0,71.9,,,,,,,,3600.0,,,0.0,,68722.0,,,,38000.0,38200.0,2.26,11.0
Argentina,2766890,16.9,5473000000.0,7.56,157700000000.0,81650000000.0,81390000000.0,33780000000.0,483500000000.0,12400.0,8.3,0.7,1500.0,130000.0,215471.0,22060000000.0,12.0,15.18,6.1,742358.0,4100000.0,18.3,15040000.0,75.91,4300000000.0,1.3,31100000000.0,6050000000.0,0.0,37150000000.0,768000000000.0,486000.0,,,755000.0,2900000000.0,39537943.0,118.0,34091.0,19470000000.0,8009400.0,6500000.0,2.19,14.8
Armenia,29800,11.76,-240400000.0,8.16,905000000.0,5797000000.0,6492000000.0,850000000.0,13650000000.0,4600.0,9.0,0.1,200.0,2600.0,8431.0,1300000000.0,15.0,23.28,3.5,2206.0,150000.0,19.8,1400000.0,71.55,135000000.0,6.5,1400000000.0,0.0,1400000000.0,0.0,,5700.0,,,0.0,,2982904.0,,845.0,555000000.0,562600.0,114400.0,1.32,30.0
Aruba,193,11.26,,6.57,285000000.0,751200000.0,807700000.0,128000000.0,1940000000.0,28000.0,-1.5,,,,800.0,841000000.0,,5.89,3.2,923.0,24000.0,,41500.0,79.14,,,,,,,,6500.0,,,0.0,,71566.0,,,,37100.0,53000.0,1.79,0.6
Ashmore and Cartier Islands,5,,,,,,,,,,,,,,,,,,,,,,,,,,,,,,,,,,,,,,,,,,,
Australia,7686850,12.26,-38300000000.0,7.44,308700000000.0,195600000000.0,210300000000.0,86890000000.0,611700000000.0,30700.0,3.5,0.1,,14000.0,811603.0,98100000000.0,1.9,4.69,2.3,2847763.0,9472000.0,25.3,10350000.0,80.39,1665000000.0,2.7,23330000000.0,9744000000.0,0.0,33080000000.0,2407000000000.0,796500.0,523400.0,530800.0,537500.0,3664000000.0,20090437.0,17.4,43802.0,35140000000.0,10815000.0,14347000.0,1.76,5.1
Austria,83870,8.81,-3283000000.0,9.7,15500000000.0,55090000000.0,58490000000.0,102700000000.0,255900000000.0,31300.0,1.9,0.3,100.0,10000.0,200000.0,101200000000.0,3.3,4.66,1.8,387006.0,3730000.0,22.6,3450000.0,78.92,1497000000.0,0.9,7810000000.0,403000000.0,6033000000.0,1731000000.0,24900000000.0,262400.0,35470.0,262000.0,20670.0,85690000.0,8184691.0,64.2,6021.0,12730000000.0,3881000.0,7094500.0,1.36,4.4
Azerbaijan,86600,20.4,-2899000000.0,9.86,1832000000.0,17370000000.0,17550000000.0,3168000000.0,30010000000.0,3800.0,9.8,0.1,100.0,1400.0,28030.0,3622000000.0,4.0,81.74,4.6,586.0,300000.0,65.1,5090000.0,63.35,121000000.0,2.6,6720000000.0,0.0,1000000000.0,5720000000.0,62300000000.0,140000.0,,,312800.0,589000000.0,7911974.0,18.9,2957.0,875000000.0,923800.0,870000.0,2.44,1.2
Bahamas The,13940,17.87,,8.97,308500000.0,1596000000.0,1716000000.0,636000000.0,5295000000.0,17700.0,3.0,3.0,200.0,5600.0,2693.0,1630000000.0,,25.21,1.2,302.0,84000.0,,156000.0,65.54,,,,,,,,23000.0,29000.0,,0.0,,301790.0,,,,131700.0,121800.0,2.2,10.2
Bahrain,665,18.1,586100000.0,4.08,6215000000.0,6379000000.0,6860000000.0,8205000000.0,13010000000.0,19200.0,5.6,0.2,200.0,600.0,3459.0,5870000000.0,2.0,17.27,2.1,1334.0,195700.0,12.8,370000.0,74.23,628900000.0,6.3,32700000000.0,0.0,0.0,32700000000.0,46000000000.0,40000.0,,,44000.0,126000000.0,688345.0,63.8,,2141000000.0,185800.0,443100.0,2.63,15.0
Baker Island,1,,,,,,,,,,,,,,,,,,,,,,,,,,,,,,,,,,,,,,,,,,,
Bangladesh,144000,30.01,216600000.0,8.4,19970000000.0,15300000000.0,16450000000.0,7478000000.0,275700000000.0,2000.0,4.9,0.1,650.0,13000.0,207486.0,10030000000.0,6.5,62.6,6.0,1.0,243000.0,23.5,65490000.0,62.08,995300000.0,1.8,9900000000.0,0.0,0.0,9900000000.0,150300000000.0,71000.0,,,3581.0,28450000.0,144319628.0,43.0,2706.0,3000000000.0,740000.0,1365000.0,3.13,40.0
Barbados,431,12.83,,9.17,668000000.0,744000000.0,800000000.0,206000000.0,4569000000.0,16400.0,2.3,1.5,200.0,2500.0,1600.0,1039000000.0,-3.2,12.5,-0.5,204.0,100000.0,,128500.0,71.41,,,29170000.0,0.0,0.0,29170000.0,70790000.0,10900.0,,,1271.0,1254000.0,279254.0,,,,134000.0,140000.0,1.65,10.7
Bassas da India,0,,,,,,,,,,,,,,,,,,,,,,,,,,,,,,,,,,,,,,,,,,,
Belarus,207600,10.83,-1119000000.0,14.15,600000000.0,34300000000.0,30000000000.0,11470000000.0,70500000000.0,6800.0,6.4,0.3,1000.0,15000.0,79990.0,13570000000.0,4.0,13.37,17.4,5308.0,1391900.0,21.8,4305000.0,68.72,176100000.0,1.4,18800000000.0,0.0,18500000000.0,250000000.0,,285000.0,14500.0,360000.0,36000.0,,10300483.0,,5523.0,770200000.0,3071300.0,1118000.0,1.39,2.0
Belgium,30528,10.48,11400000000.0,10.22,28300000000.0,78820000000.0,76580000000.0,255700000000.0,316200000000.0,30600.0,2.6,0.2,100.0,10000.0,149028.0,235000000000.0,3.5,4.68,1.9,166799.0,3400000.0,19.1,4750000.0,78.62,3999000000.0,1.3,15500000000.0,0.0,15400000000.0,0.0,,595100.0,450000.0,1042000.0,0.0,,10364388.0,96.2,3518.0,14450000000.0,5120400.0,8135500.0,1.64,12.0
Belize,22966,29.34,-115000000.0,6.04,1362000000.0,108800000.0,117000000.0,401400000.0,1778000000.0,6500.0,3.5,2.4,,3600.0,2872.0,579900000.0,4.6,25.69,2.9,2613.0,30000.0,33.6,90000.0,67.49,18000000.0,2.0,,,,,,5000.0,,,0.0,,279457.0,,,111100000.0,33300.0,60400.0,3.68,12.9
Benin,112620,41.99,-159900000.0,13.76,1600000000.0,565200000.0,285200000.0,720900000.0,8338000000.0,1200.0,5.0,1.9,5800.0,68000.0,6787.0,934500000.0,8.3,85.0,2.8,879.0,70000.0,19.3,,50.51,96500000.0,2.4,,,,,608800000.0,11500.0,,,700.0,4105000.0,7460025.0,,578.0,839300000.0,66500.0,236200.0,5.86,
Bermuda,53,11.6,,7.63,160000000.0,598000000.0,643000000.0,879000000.0,2330000000.0,36000.0,2.0,,,,450.0,5523000000.0,,8.53,3.3,5161.0,34500.0,,37470.0,77.79,4030000.0,0.11,,,,,,4000.0,,,0.0,,65365.0,,,,56000.0,37873.0,1.89,5.0
Bhutan,47000,34.03,,12.94,245000000.0,312900000.0,2001000000.0,154000000.0,2900000000.0,1400.0,5.3,0.1,,100.0,4007.0,196000000.0,9.3,100.44,3.0,985.0,15000.0,,,54.39,13700000.0,1.8,,,,,,1020.0,,,0.0,,2232291.0,,,,25200.0,22000.0,4.81,
Bolivia,1098580,23.76,273000000.0,7.64,5439000000.0,3848000000.0,4132000000.0,1986000000.0,22330000000.0,2600.0,3.7,0.1,,4900.0,60282.0,1595000000.0,5.7,53.11,4.9,7080.0,270000.0,10.4,3800000.0,65.5,132200000.0,1.6,1150000000.0,2900000000.0,0.0,8440000000.0,727200000000.0,49000.0,,,39000.0,458800000.0,8857870.0,,3519.0,1214000000.0,600100.0,1401500.0,2.94,9.2
Bosnia and Herzegovina,51129,12.49,-2100000000.0,8.44,3000000000.0,8318000000.0,10040000000.0,1700000000.0,26210000000.0,6500.0,5.0,0.1,100.0,900.0,21846.0,5200000000.0,5.5,21.05,1.1,6994.0,100000.0,,1026000.0,72.85,234300000.0,4.5,300000000.0,0.0,300000000.0,0.0,,20000.0,,,0.0,,4025476.0,,1021.0,2000000000.0,938000.0,1050000.0,1.71,44.0
Botswana,600370,23.33,337000000.0,29.36,531000000.0,1890000000.0,930000000.0,2940000000.0,15050000000.0,9200.0,3.5,37.3,33000.0,350000.0,10217.0,2255000000.0,4.4,54.58,7.0,1920.0,60000.0,25.5,264000.0,33.87,338500000.0,3.9,,,,,,16000.0,,,0.0,,1640115.0,8.6,888.0,5700000000.0,142400.0,435000.0,2.85,23.8
Bouvet Island,59,,,,,,,,,,,,,,,,,,,,,,,,,,,,,,,,,,,,,,,,,,,
Brazil,8511965,16.83,8000000000.0,6.15,219800000000.0,351900000000.0,339000000000.0,95000000000.0,1492000000000.0,8100.0,5.1,0.7,15000.0,660000.0,1724929.0,61000000000.0,6.0,29.61,7.6,3163349.0,14300000.0,19.8,89000000.0,71.69,11000000000.0,1.8,9590000000.0,0.0,3640000000.0,5950000000.0,221700000000.0,2199000.0,,,1788000.0,13900000000.0,186112794.0,52.0,29412.0,52940000000.0,38810000.0,46373300.0,1.93,11.5
British Indian Ocean Territory,60,,,,,,,,,,,,,,,,,,,,,,,,,,,,,,,,,,,,,,,,,,,
British Virgin Islands,153,14.96,,4.42,36100000.0,33740000.0,36280000.0,25300000.0,2498000000.0,38500.0,1.0,,,,177.0,187000000.0,,18.05,2.5,,4000.0,,12770.0,76.27,,,,,,,,420.0,,,0.0,,22643.0,,,,11700.0,8000.0,1.72,3.0
Brunei,5770,19.01,,3.42,0.0,2286000000.0,2458000000.0,7700000000.0,6842000000.0,23600.0,3.2,0.1,200.0,200.0,2525.0,5200000000.0,5.0,12.61,0.3,6409.0,35000.0,,158000.0,74.8,290700000.0,5.1,1350000000.0,9000000000.0,0.0,10350000000.0,315000000000.0,13000.0,199000.0,,204000.0,1255000000.0,372361.0,,,,90000.0,137000.0,2.3,3.2
Bulgaria,110910,9.66,682900000.0,14.26,16100000000.0,32710000000.0,43070000000.0,9134000000.0,61630000000.0,8200.0,5.3,0.1,100.0,346.0,37077.0,12230000000.0,5.2,20.55,6.1,53421.0,630000.0,18.6,3398000.0,72.03,356000000.0,2.6,5804000000.0,0.0,5800000000.0,4000000.0,3724000000.0,94000.0,,,603.0,8100000.0,7450349.0,41.9,4294.0,7526000000.0,2868200.0,2597500.0,1.38,12.7
Burkina Faso,274200,44.17,-471700000.0,18.86,1300000000.0,335700000.0,361000000.0,418600000.0,15740000000.0,1200.0,4.8,4.2,29000.0,300000.0,12506.0,866300000.0,14.0,97.57,2.4,442.0,48000.0,29.1,5000000.0,43.92,64200000.0,1.3,,,,,,8000.0,,,0.0,,13925313.0,,622.0,474900000.0,65400.0,227000.0,6.23,
Burma,678500,18.11,-185000000.0,12.15,6752000000.0,3484000000.0,5068000000.0,2137000000.0,74300000000.0,1700.0,-1.3,1.2,20000.0,330000.0,28200.0,1754000000.0,,67.24,17.2,3.0,28000.0,10.2,27010000.0,56.22,39000000.0,2.1,1569000000.0,8424000000.0,0.0,9980000000.0,2460000000000.0,60950.0,3356.0,49230.0,17550.0,3200000000.0,42909464.0,,3955.0,590000000.0,357300.0,66500.0,2.01,5.2
Burundi,27830,39.66,-59500000.0,17.43,1133000000.0,137800000.0,132000000.0,31840000.0,4001000000.0,600.0,3.0,6.0,25000.0,250000.0,14480.0,138200000.0,18.0,69.29,8.5,22.0,14000.0,10.7,2990000.0,43.5,38700000.0,6.0,,,,,,2750.0,,,0.0,,6370609.0,,,76890000.0,23900.0,64000.0,5.81,
Cambodia,181040,27.08,-316200000.0,8.97,2400000000.0,100600000.0,122000000.0,2311000000.0,26990000000.0,2000.0,5.4,2.6,15000.0,170000.0,12323.0,3129000000.0,22.0,71.48,3.1,818.0,30000.0,20.9,7000000.0,58.87,112000000.0,3.0,,,,,,7200.0,,,0.0,,13607069.0,,602.0,997500000.0,35400.0,380000.0,3.44,2.5
Cameroon,475440,34.67,-149100000.0,15.4,8460000000.0,3321000000.0,3571000000.0,2445000000.0,30170000000.0,1900.0,4.9,6.9,49000.0,560000.0,34300.0,1979000000.0,4.2,68.26,1.0,479.0,60000.0,16.1,6680000.0,47.84,221100000.0,1.6,0.0,0.0,0.0,0.0,55220000000.0,22000.0,,,94000.0,80000000.0,16380005.0,69.1,1008.0,687500000.0,110900.0,1077000.0,4.47,30.0
Canada,9984670,10.84,28200000000.0,7.73,570000000000.0,487300000000.0,548900000000.0,315600000000.0,1023000000000.0,31500.0,2.4,0.3,1500.0,56000.0,1408800.0,256100000000.0,2.0,4.75,1.9,3210081.0,16110000.0,19.4,17370000.0,80.1,9801700000.0,1.1,55800000000.0,91520000000.0,8730000000.0,165800000000.0,1691000000000.0,2200000.0,1370000.0,987000.0,3110000.0,178900000000.0,32805041.0,,48909.0,36270000000.0,19950900.0,13221800.0,1.61,7.0
Cape Verde,4033,25.33,-93760000.0,6.62,325000000.0,40060000.0,43080000.0,61110000.0,600000000.0,1400.0,5.0,0.04,225.0,775.0,1100.0,387300000.0,,47.77,1.5,118.0,20400.0,19.2,,70.45,14100000.0,1.5,,,,,,2000.0,,,0.0,,418224.0,,,112700000.0,71700.0,53300.0,3.48,21.0
Cayman Islands,262,12.92,,4.81,70000000.0,382100000.0,410800000.0,1200000.0,1391000000.0,32300.0,1.7,,,,785.0,457400000.0,,8.19,2.8,,9909.0,,19820.0,79.95,,,,,,,,2400.0,,,0.0,,44270.0,,,,38000.0,17000.0,1.9,4.1
Central African Republic,622984,35.17,,20.27,881400000.0,98580000.0,106000000.0,172000000.0,4248000000.0,1100.0,0.5,13.5,23000.0,260000.0,23810.0,136000000.0,3.0,91.0,3.6,6.0,5000.0,,,41.01,15500000.0,1.0,,,,,,2400.0,,,0.0,,3799897.0,,,,9000.0,13000.0,4.5,8.0
Chad,1284000,45.98,330200000.0,16.41,1100000000.0,89400000.0,96130000.0,365000000.0,15660000000.0,1600.0,38.0,4.8,18000.0,200000.0,33400.0,500700000.0,5.0,93.82,8.0,8.0,15000.0,24.7,,47.94,101300000.0,2.1,,,,,,1500.0,,,200000.0,,9826419.0,,,652700000.0,11800.0,65000.0,6.32,
Chile,756950,15.44,2185000000.0,5.76,44600000000.0,41800000000.0,48600000000.0,29200000000.0,169100000000.0,10700.0,5.8,0.3,1400.0,26000.0,79605.0,22530000000.0,7.8,8.8,2.4,202429.0,3575000.0,23.9,6200000.0,76.58,3420000000.0,3.8,6517000000.0,0.0,5337000000.0,1180000000.0,99050000000.0,240000.0,0.0,221500.0,18500.0,150000000.0,15980912.0,12.8,6585.0,16020000000.0,3467000.0,6445700.0,2.02,8.5
China,9596960,13.14,30320000000.0,6.94,233300000000.0,1630000000000.0,1910000000000.0,583100000000.0,7262000000000.0,5600.0,9.1,0.1,44000.0,840000.0,1765222.0,552400000000.0,17.1,24.18,4.1,160421.0,94000000.0,46.0,760800000.0,72.27,67490000000.0,4.3,29180000000.0,0.0,0.0,35000000000.0,2230000000000.0,4956000.0,427800.0,2414000.0,3392000.0,17740000000.0,1306313812.0,31.4,70058.0,609900000000.0,263000000.0,269000000.0,1.72,9.8
Christmas Island,135,,,,,,,,,,,,,,240.0,,,,,,,,,,,,,,,,,,,,,,361.0,,,,,,,
Clipperton Island,6,,,,,,,,,,,,,,,,,,,,,,,,,,,,,,,,,,,,,,,,,,,
Cocos (Keeling) Islands,14,,,,,,,,,,,,,,15.0,,,,,,,,,,,,,,,,,,,,,,628.0,,,,287.0,,,60.0
Colombia,1138910,20.82,-1706000000.0,5.59,38700000000.0,41140000000.0,44870000000.0,15500000000.0,281100000000.0,6600.0,3.6,0.7,3600.0,190000.0,112998.0,15340000000.0,4.0,20.97,5.9,115158.0,2732200.0,15.8,20700000.0,71.72,3300000000.0,3.4,5700000000.0,0.0,0.0,5700000000.0,132000000000.0,252000.0,,,531100.0,1700000000.0,42954279.0,51.8,3304.0,11940000000.0,8768100.0,6186200.0,2.56,13.6
Comoros,2170,37.52,,8.4,232000000.0,22170000.0,23840000.0,28000000.0,441000000.0,700.0,2.0,0.12,,,880.0,88000000.0,-2.0,74.93,3.5,11.0,5000.0,,144500.0,61.96,11600000.0,3.0,,,,,,700.0,,,0.0,,671247.0,,,,13200.0,2000.0,5.09,20.0
Congo Democratic Republic of the,2345410,44.38,,14.43,11600000000.0,4168000000.0,6086000000.0,1417000000.0,42740000000.0,700.0,7.5,4.2,100000.0,1100000.0,157000.0,933000000.0,,92.87,14.0,153.0,50000.0,,14510000.0,49.35,93500000.0,1.5,,,,,104800000000.0,14000.0,,,24000.0,1538000000.0,60085804.0,,5138.0,,10000.0,1000000.0,6.54,
Congo Republic of the,342000,27.88,266000000.0,14.82,5000000000.0,573600000.0,348000000.0,2224000000.0,2324000000.0,800.0,3.7,4.9,9700.0,90000.0,12800.0,749300000.0,0.0,92.41,1.8,46.0,15000.0,25.8,,48.97,126500000.0,2.8,0.0,0.0,0.0,0.0,495500000.0,5000.0,,,227000.0,93500000.0,3039126.0,,894.0,40420000.0,7000.0,330000.0,3.54,
Cook Islands,240,,,,141000000.0,25110000.0,27000000.0,9100000.0,105000000.0,5000.0,7.1,,,,320.0,50700000.0,1.0,,3.2,,3600.0,,8000.0,,,,,,,,,450.0,,,0.0,,21388.0,,,,6200.0,1500.0,,13.0
Costa Rica,51100,18.6,-980300000.0,4.33,5962000000.0,5733000000.0,6614000000.0,6184000000.0,37970000000.0,9600.0,3.9,0.6,900.0,12000.0,35303.0,7842000000.0,3.1,9.95,11.5,10826.0,800000.0,19.2,1810000.0,76.84,64200000.0,0.4,,,,,,37000.0,,,0.0,,4016173.0,58.0,950.0,1736000000.0,1132000.0,528047.0,2.28,6.6
Cote d'Ivoire,322460,35.51,-421500000.0,14.94,11810000000.0,2976000000.0,4759000000.0,5124000000.0,24780000000.0,1500.0,-1.0,7.0,47000.0,570000.0,50400.0,3360000000.0,15.0,90.83,1.4,3795.0,90000.0,11.3,6700000.0,48.62,180200000.0,1.2,1350000000.0,0.0,0.0,1350000000.0,14870000000.0,32000.0,,,29300.0,220000000.0,17298040.0,74.8,660.0,1950000000.0,328000.0,1236000.0,4.58,13.0
Croatia,56542,9.57,-1925000000.0,11.38,26400000000.0,15200000000.0,12510000000.0,7845000000.0,50330000000.0,11200.0,3.7,0.1,10.0,200.0,28344.0,16700000000.0,2.7,6.84,2.5,29644.0,1014000.0,28.6,1710000.0,74.45,620000000.0,2.39,2840000000.0,0.0,1080000000.0,1760000000.0,34360000000.0,89000.0,,,21000.0,93600000.0,4495904.0,41.7,2726.0,8563000000.0,1825000.0,2553000.0,1.39,13.8
Cuba,110860,12.03,-185100000.0,7.19,12090000000.0,13400000000.0,14410000000.0,2104000000.0,33920000000.0,3000.0,3.0,0.1,200.0,3300.0,60858.0,5296000000.0,1.4,6.33,3.1,1529.0,120000.0,11.2,4550000.0,77.23,572300000.0,1.8,600000000.0,0.0,0.0,600000000.0,42620000000.0,163000.0,,,77900.0,532000000.0,11346670.0,,4226.0,738600000.0,574400.0,17900.0,1.66,2.5
Cyprus,9250,12.57,-619900000.0,7.64,7327000000.0,602000000.0,4000000000.0,49300000.0,4540000000.0,7135.0,2.6,0.1,,1000.0,13943.0,415200000.0,-0.3,7.18,2.4,5901.0,210000.0,17.9,95025.0,77.65,384000000.0,3.8,,,,,,49000.0,,,300.0,,780133.0,74.9,,941600000.0,86228.0,143178.0,1.83,3.2
Czech Republic,78866,9.07,-5730000000.0,10.54,36280000000.0,55330000000.0,71750000000.0,66510000000.0,172200000000.0,16800.0,3.7,0.1,10.0,2500.0,127204.0,68190000000.0,4.7,3.93,3.2,295677.0,2700000.0,29.0,5250000.0,76.02,2170000000.0,2.02,9892000000.0,1000000.0,9521000000.0,160000000.0,3057000000.0,175700.0,26670.0,192300.0,7419.0,17250000.0,10241138.0,33.5,9520.0,32780000000.0,3626000.0,9708700.0,1.2,10.6
Denmark,43094,11.36,6529000000.0,10.43,21700000000.0,31630000000.0,36380000000.0,73060000000.0,174400000000.0,32200.0,2.1,0.2,100.0,5000.0,71847.0,63450000000.0,1.7,4.56,1.4,1219925.0,2756000.0,19.8,2870000.0,77.62,3271600000.0,1.5,5280000000.0,3100000000.0,0.0,8380000000.0,81980000000.0,218000.0,332100.0,195000.0,346200.0,1230000000.0,5432335.0,42.5,3002.0,37980000000.0,3610100.0,4785300.0,1.74,6.2
Dhekelia,131,,,,,,,,,,,,,,,,,,,,,,,,,,,,,,,,,,,,,,,,,,,
Djibouti,23000,39.98,,19.39,366000000.0,167400000.0,180000000.0,155000000.0,619000000.0,1300.0,3.5,2.9,690.0,9100.0,2890.0,665000000.0,3.0,104.13,2.0,702.0,6500.0,,282000.0,43.1,28600000.0,4.4,,,,,,11300.0,,,0.0,,476703.0,,100.0,,9500.0,23000.0,5.4,50.0
Dominica,754,15.73,,6.81,161500000.0,63620000.0,68410000.0,39000000.0,384000000.0,5500.0,-1.0,,,,780.0,98200000.0,-10.0,14.15,1.0,681.0,12500.0,,25000.0,74.65,,,,,,,,600.0,,,0.0,,69029.0,,,,23700.0,9400.0,1.96,23.0
Dominican Republic,48730,23.28,762200000.0,7.35,7745000000.0,8912000000.0,9583000000.0,5446000000.0,55680000000.0,6300.0,1.7,1.7,7900.0,88000.0,12600.0,8093000000.0,2.0,32.38,55.0,64197.0,500000.0,18.9,,67.26,180000000.0,1.1,,,,,,129000.0,,129900.0,0.0,,8950034.0,61.1,1743.0,426000000.0,901800.0,2120400.0,2.86,17.0
East Timor,15007,27.19,,6.3,,,,8000000.0,370000000.0,400.0,1.0,,,,3800.0,167000000.0,8.5,47.41,4.0,,,,,65.9,4400000.0,,,,,,,,,,,,1040880.0,,,,,,3.61,50.0
Ecuador,283560,22.67,261100000.0,4.24,16810000000.0,75580000000.0,81270000000.0,7560000000.0,49510000000.0,3700.0,5.8,0.3,1700.0,21000.0,43197.0,7650000000.0,10.0,23.66,2.0,3188.0,569700.0,20.6,4530000.0,76.21,655000000.0,2.2,160000000.0,0.0,0.0,160000000.0,106500000000.0,129000.0,387000.0,,523000.0,4408000000.0,13363593.0,49.2,966.0,1436000000.0,1549000.0,2394400.0,2.72,11.1
Egypt,1001450,23.32,2113000000.0,5.26,33750000000.0,75580000000.0,81270000000.0,11000000000.0,316300000000.0,4200.0,4.5,0.1,700.0,12000.0,64000.0,19210000000.0,2.5,32.59,9.5,3401.0,2700000.0,15.8,20710000.0,71.0,2440000000.0,3.4,21200000000.0,0.0,0.0,21200000000.0,1264000000000.0,562000.0,,,740000.0,2700000000.0,77505756.0,102.7,5063.0,14030000000.0,8735700.0,5797500.0,2.88,10.9
El Salvador,21040,27.04,-880500000.0,5.85,4792000000.0,4450000000.0,4158000000.0,3249000000.0,32350000000.0,4900.0,1.8,0.7,2200.0,29000.0,10029.0,5968000000.0,0.7,25.1,5.4,4084.0,550000.0,16.6,2750000.0,71.22,157000000.0,1.1,,,,,,39000.0,,,0.0,,6704932.0,41.7,283.0,1888000000.0,752600.0,1149800.0,3.16,6.3
Equatorial Guinea,28051,36.18,-578600000.0,12.0,248000000.0,24820000.0,26690000.0,2771000000.0,1270000000.0,2700.0,20.0,3.4,370.0,5900.0,2880.0,1167000000.0,30.0,85.13,8.5,3.0,1800.0,50.8,,55.56,126200000.0,2.5,20000000.0,0.0,0.0,20000000.0,68530000000.0,2000.0,,,350000.0,563500000.0,535881.0,,,235200000.0,9600.0,41500.0,4.62,30.0
Eritrea,121320,38.62,-144900000.0,13.53,311000000.0,229400000.0,246600000.0,64440000.0,4154000000.0,900.0,2.5,2.7,6300.0,60000.0,4010.0,622000000.0,,74.87,10.0,1047.0,9500.0,26.3,,52.16,151000000.0,13.4,,,,,,6000.0,,,0.0,,4561599.0,,306.0,30870000.0,38100.0,,5.61,
Estonia,45226,9.91,-1169000000.0,13.21,8373000000.0,6358000000.0,8301000000.0,5701000000.0,19230000000.0,14300.0,6.0,1.1,200.0,7800.0,55944.0,7318000000.0,5.0,7.87,3.0,82142.0,444000.0,28.2,660000.0,71.77,155000000.0,2.0,1270000000.0,0.0,1270000000.0,0.0,,24000.0,,,5100.0,,1332893.0,5.4,958.0,1503000000.0,475000.0,881000.0,1.39,9.6
Ethiopia,1127127,38.61,-464400000.0,15.06,2900000000.0,1998000000.0,2149000000.0,562800000.0,54890000000.0,800.0,11.6,4.4,120000.0,1500000.0,33297.0,2104000000.0,6.7,95.32,2.4,9.0,75000.0,17.8,,48.83,337100000.0,4.6,,,,,12460000000.0,23000.0,,,0.0,214000.0,73053286.0,,681.0,923100000.0,435000.0,97800.0,5.33,
Europa Island,28,,,,,,,,,,,,,,,,,,,,,,,,,,,,,,,,,,,,,,,,,,,
#European Union,3976372,10.1,,10.1,,2661000000000.0,2888000000000.0,1109000000000.0,11650000000000.0,26900.0,2.4,,,,4634810.0,1123000000000.0,2.4,5.2,2.1,22000414.0,206032067.0,19.5,215000000.0,78.2,,,467700000000.0,78100000000.0,297800000000.0,242600000000.0,3256000000000.0,14540000.0,5322000.0,15690000.0,2648000.0,28210000000.0,457030418.0,,222293.0,,238763162.0,314644700.0,1.48,9.5
Falkland Islands (Islas Malvinas),12173,,,,,17720000.0,19060000.0,82000000.0,75000000.0,25000.0,,,,,440.0,53000000.0,,,3.6,,,,1100.0,,,,,,,,,200.0,,,0.0,,2967.0,,,,2400.0,0.0,,
Faroe Islands,1399,13.97,,8.69,64000000.0,204600000.0,220000000.0,408000000.0,1000000000.0,22000.0,10.0,,,,463.0,466000000.0,8.0,6.24,5.1,,25000.0,,24250.0,79.21,,,,,,,,4500.0,,,0.0,,46962.0,,,,23000.0,30700.0,2.2,1.0
Fiji,18270,22.73,,5.65,188100000.0,697500000.0,750000000.0,609000000.0,5173000000.0,5900.0,3.6,0.1,200.0,600.0,3440.0,835000000.0,,12.62,1.6,493.0,55000.0,,137000.0,69.53,36000000.0,2.2,,,,,,5700.0,,,0.0,,893354.0,,597.0,,102000.0,109900.0,2.75,7.6
Finland,338145,10.5,11390000000.0,9.79,30000000000.0,78580000000.0,71590000000.0,61040000000.0,151200000000.0,29000.0,3.0,0.1,100.0,1500.0,78197.0,45170000000.0,2.0,3.57,0.7,1219173.0,2650000.0,18.3,2660000.0,78.35,1800000000.0,2.0,4557000000.0,0.0,4567000000.0,0.0,,211400.0,101000.0,318300.0,0.0,,5223442.0,46.8,5851.0,11170000000.0,2548000.0,4700000.0,1.73,8.9
France,547030,12.15,-305000000.0,9.08,,414700000000.0,528600000000.0,419000000000.0,1737000000000.0,28700.0,2.1,0.4,1000.0,120000.0,893100.0,419700000000.0,1.7,4.26,2.3,2396761.0,21900000.0,19.2,27700000.0,79.6,45238100000.0,2.6,42010000000.0,1725000000.0,40260000000.0,1898000000.0,12860000000.0,2026000.0,409600.0,2281000.0,34920.0,144300000.0,60656178.0,67.7,32175.0,70760000000.0,33905400.0,41683100.0,1.85,10.1
French Guiana,91000,20.7,,4.85,1200000000.0,427900000.0,460100000.0,155000000.0,1551000000.0,8300.0,,,,,817.0,625000000.0,,12.07,1.5,,3200.0,,58800.0,77.09,,,,,,,,6500.0,,,0.0,,195506.0,,,,51000.0,138200.0,3.01,22.0
French Polynesia,4167,16.93,,4.63,,353400000.0,380000000.0,244000000.0,4580000000.0,17500.0,,,,,2590.0,1341000000.0,,8.44,1.5,5123.0,35000.0,,70000.0,75.9,,,,,,,,4750.0,,,0.0,,270485.0,,,,52500.0,90000.0,2.04,11.8
French Southern and Antarctic Lands,7829,,,,,,,,,,,,,,,,,,,,,,,,,,,,,,,,,,,,,,,,,,,
Gabon,267667,36.24,196800000.0,11.72,3804000000.0,1080000000.0,1161000000.0,3710000000.0,7966000000.0,5900.0,1.9,8.1,3000.0,48000.0,8464.0,1225000000.0,1.6,53.64,1.5,93.0,35000.0,21.8,650000.0,55.75,184800000.0,2.0,80000000.0,0.0,0.0,80000000.0,66470000000.0,13000.0,,,264900.0,2022000000.0,1389201.0,29.3,814.0,268600000.0,38400.0,300000.0,4.77,21.0
Gambia The,11300,39.86,-16400000.0,11.81,476000000.0,83990000.0,90310000.0,114400000.0,2799000000.0,1800.0,6.0,1.2,600.0,6800.0,2700.0,180900000.0,,72.02,7.0,568.0,25000.0,25.3,400000.0,55.2,1000000.0,0.3,,,,,,1900.0,,,0.0,,1593256.0,,,113100000.0,38400.0,100000.0,5.38,
Gaza Strip,360,40.03,,3.87,108000000.0,,,205000000.0,768000000.0,600.0,4.5,,,,,1900000000.0,,22.93,2.2,,60000.0,,725000.0,71.79,,,,,,,,,,,,,1376289.0,,,,95729.0,320000.0,5.91,50.0
Georgia,69700,10.25,-632900000.0,9.09,1800000000.0,6811000000.0,6732000000.0,909400000.0,14450000000.0,3100.0,9.5,0.1,200.0,3000.0,20229.0,1806000000.0,3.0,18.59,5.5,5160.0,150500.0,18.5,2100000.0,75.88,23000000.0,0.59,1160000000.0,0.0,1100000000.0,60000000.0,,31500.0,,,2000.0,,4677401.0,,1612.0,231400000.0,650500.0,522300.0,1.41,17.0
Germany,357021,8.33,73590000000.0,10.55,,519500000000.0,560000000000.0,893300000000.0,2362000000000.0,28700.0,1.7,0.1,1000.0,43000.0,230735.0,716700000000.0,2.2,4.16,1.6,2686119.0,39000000.0,17.6,42630000.0,78.65,35063000000.0,1.5,99550000000.0,7731000000.0,85020000000.0,21000000000.0,293000000000.0,2891000.0,12990.0,2135000.0,74100.0,395800000.0,82431390.0,65.8,46039.0,96840000000.0,54350000.0,64800000.0,1.39,10.6
Ghana,239460,23.97,83870000.0,10.84,7396000000.0,6137000000.0,6922000000.0,3010000000.0,48270000000.0,2300.0,5.4,3.1,30000.0,350000.0,46176.0,3699000000.0,3.8,51.43,13.0,407.0,170000.0,19.7,10240000.0,56.0,49200000.0,0.6,,,,,11890000000.0,38000.0,,,7000.0,8255000.0,21029853.0,,953.0,1267000000.0,302300.0,799900.0,3.02,20.0
Gibraltar,7,10.87,,9.18,,96760000.0,104000000.0,136000000.0,769000000.0,27900.0,,,,,29.0,1743000000.0,,5.13,1.5,,6200.0,,14800.0,79.67,,,,,,,,42000.0,,,0.0,,27884.0,,,,24512.0,9797.0,1.65,2.0
Glorioso Islands,5,,,,,,,,,,,,,,,,,,,,,,,,,,,,,,,,,,,,,,,,,,,
Greece,131940,9.72,-8000000000.0,10.15,67230000000.0,47420000000.0,47220000000.0,15500000000.0,226400000000.0,21300.0,3.7,0.2,100.0,9100.0,117000.0,54280000000.0,4.1,5.53,2.9,208977.0,1718400.0,27.0,4400000.0,79.09,5890000000.0,4.3,2021000000.0,0.0,2018000000.0,35000000.0,254900000.0,405700.0,84720.0,468300.0,5992.0,4500000.0,10668354.0,112.0,2571.0,7300000000.0,5205100.0,8936200.0,1.33,10.0
Greenland,2166086,15.93,,7.77,25000000.0,227900000.0,245000000.0,388000000.0,1100000000.0,20000.0,1.8,,,100.0,,445000000.0,,15.82,1.6,2642.0,20000.0,,24500.0,69.65,,,,,,,,3700.0,,,0.0,,56375.0,,,,26000.0,16747.0,2.41,10.0
Grenada,344,22.3,,7.17,196000000.0,138600000.0,149000000.0,46000000.0,440000000.0,5000.0,2.5,,,,1040.0,208000000.0,0.7,14.62,2.8,18.0,15000.0,,42300.0,64.53,,,,,,,,1000.0,,,0.0,,89502.0,,,,33500.0,7600.0,2.37,12.5
Guadeloupe,1780,15.42,,6.06,,1079000000.0,1160000000.0,140000000.0,3513000000.0,7900.0,,,,,947.0,1700000000.0,,8.6,,,20000.0,,125900.0,77.9,,,,,,,,13000.0,,,0.0,,448713.0,,,,210000.0,323500.0,1.91,27.8
Guam,549,19.03,,4.41,,776600000.0,835000000.0,38000000.0,3200000000.0,21000.0,,,,,977.0,462000000.0,,6.94,0.0,,50000.0,,60000.0,78.4,,,,,,,,20000.0,,,0.0,,168564.0,,,,84134.0,32600.0,2.6,15.0
Guatemala,108890,34.11,-1381000000.0,6.81,5969000000.0,5760000000.0,6608000000.0,2911000000.0,59470000000.0,4200.0,2.6,1.1,5800.0,78000.0,14118.0,7770000000.0,4.1,35.93,7.2,20360.0,400000.0,14.9,3680000.0,65.14,201900000.0,0.8,,,,,1543000000.0,61000.0,3104.0,,25000.0,263000000.0,14655189.0,32.0,886.0,3084000000.0,846000.0,1577100.0,4.53,7.5
Guernsey,78,9.01,,9.95,,,,,2590000000.0,40000.0,3.0,,,,,,,4.71,4.9,,,,32290.0,80.3,,,,,,,,,,,,,65228.0,,,,55000.0,31500.0,1.38,0.5
Guinea,245857,42.03,-308300000.0,15.38,3250000000.0,795200000.0,855000000.0,709200000.0,19500000000.0,2100.0,1.0,3.2,9000.0,140000.0,30500.0,641500000.0,3.2,90.37,18.0,380.0,40000.0,21.0,3000000.0,49.86,56700000.0,1.7,,,,,,8600.0,,,0.0,,9467866.0,,837.0,201700000.0,26200.0,111500.0,5.83,
Guinea-Bissau,36120,37.65,,16.53,941500000.0,51150000.0,55000000.0,54000000.0,1008000000.0,700.0,2.6,10.0,1200.0,17000.0,4400.0,104000000.0,2.6,107.17,4.0,2.0,19000.0,,480000.0,46.97,8900000.0,3.1,,,,,,2500.0,,,0.0,,1416027.0,,,,10600.0,1300.0,4.93,
Guyana,214970,18.45,-129400000.0,8.32,1200000000.0,751400000.0,808000000.0,570200000.0,2899000000.0,3800.0,1.9,2.5,1100.0,11000.0,7970.0,650100000.0,7.1,33.26,4.5,613.0,125000.0,34.5,418000.0,65.5,6500000.0,0.9,,,,,,11000.0,,,0.0,,765283.0,,187.0,280600000.0,80400.0,87300.0,2.05,
Haiti,27750,36.59,-27630000.0,12.34,1200000000.0,574700000.0,618000000.0,338100000.0,12050000000.0,1500.0,-3.5,5.6,24000.0,280000.0,4160.0,1085000000.0,,73.45,22.0,,80000.0,,3600000.0,52.92,26000000.0,0.9,,,,,,11000.0,,,0.0,,8121622.0,,,80640000.0,130000.0,140000.0,5.02,
Heard Island and McDonald Islands,412,,,,,,,,,,,,,,,,,,,,,,,,,,,,,,,,,,,,,,,,,,,
Holy See (Vatican City),0,,,,,,,,,,,,,,,,,,,9.0,,,,,,,,,,,,,,,,,921.0,,,,,,,
Honduras,112090,30.38,258300000.0,6.87,5365000000.0,3771000000.0,3626000000.0,1457000000.0,18790000000.0,2800.0,4.2,1.8,4100.0,63000.0,13603.0,3332000000.0,7.7,29.32,7.0,1944.0,168600.0,24.1,2470000.0,65.6,100600000.0,1.4,,,,,,29000.0,,,0.0,,6975204.0,74.1,699.0,1464000000.0,322500.0,326500.0,3.87,28.5
Hong Kong,1092,7.23,14850000000.0,5.98,417600000000.0,38450000000.0,35510000000.0,268100000000.0,234500000000.0,34200.0,7.9,0.1,200.0,2600.0,1831.0,275900000000.0,1.0,2.97,-0.3,591993.0,3212800.0,22.7,3540000.0,81.39,,,680900000.0,0.0,680900000.0,,,257000.0,,,0.0,,6898686.0,2.1,,123600000000.0,3801300.0,7241400.0,0.91,6.7
Howland Island,2,,,,,,,,,,,,,,,,,,,,,,,,,,,,,,,,,,,,,,,,,,,
Hungary,93030,9.76,-7941000000.0,13.19,57000000000.0,35990000000.0,34070000000.0,54620000000.0,149300000000.0,14900.0,3.9,0.1,100.0,2800.0,159568.0,58680000000.0,9.6,8.57,7.0,383071.0,1600000.0,22.8,4170000.0,72.4,1080000000.0,1.75,13370000000.0,4000000.0,9587000000.0,3231000000.0,50450000000.0,140700.0,47180.0,136600.0,41190.0,110700000.0,10006835.0,58.3,7937.0,14800000000.0,3666400.0,6862800.0,1.32,5.9
Iceland,103000,13.73,-570000000.0,6.68,3073000000.0,7692000000.0,8271000000.0,2902000000.0,9373000000.0,31900.0,1.8,0.2,100.0,220.0,13004.0,3307000000.0,8.8,3.31,4.0,122175.0,195000.0,23.8,158100.0,80.19,,,,,,,,16300.0,0.0,15470.0,0.0,,296737.0,35.9,,935000000.0,190700.0,279100.0,1.92,3.1
India,3287590,22.32,4897000000.0,8.28,117200000000.0,510100000000.0,547200000000.0,69180000000.0,3319000000000.0,3100.0,6.2,0.9,310000.0,5100000.0,2525989.0,89330000000.0,7.4,56.29,4.2,86871.0,18481000.0,23.8,482200000.0,64.35,16970000000.0,2.5,22750000000.0,0.0,0.0,22750000000.0,542400000000.0,2130000.0,,,780000.0,5700000000.0,1080264388.0,59.7,63140.0,126000000000.0,48917000.0,26154400.0,2.78,9.2
Indonesia,1919440,20.71,7338000000.0,6.25,141500000000.0,92350000000.0,110200000000.0,69860000000.0,827400000000.0,3500.0,4.9,0.1,2400.0,110000.0,342700.0,45070000000.0,10.5,35.6,6.1,62036.0,8000000.0,16.6,111500000.0,69.57,1300000000.0,3.0,55300000000.0,39700000000.0,0.0,77600000000.0,2549000000000.0,1183000.0,518100.0,370500.0,971000.0,4900000000.0,241973879.0,56.2,6458.0,35820000000.0,7750000.0,11700000.0,2.44,9.2
Iran,1648000,16.83,2100000000.0,5.55,13400000000.0,119900000000.0,129000000000.0,38790000000.0,516700000000.0,7700.0,6.3,0.1,800.0,31000.0,167157.0,31300000000.0,3.5,41.58,15.5,5269.0,4300000.0,31.3,23000000.0,69.96,4300000000.0,3.3,72400000000.0,3400000000.0,4920000000.0,79000000000.0,26700000000000.0,1400000.0,2500000.0,,3962000.0,130800000000.0,68017860.0,27.0,7203.0,29870000000.0,14571100.0,3376500.0,1.82,11.2
Iraq,437072,32.5,-560000000.0,5.49,125000000000.0,33700000000.0,32600000000.0,10100000000.0,89800000000.0,3500.0,52.3,0.1,,500.0,45550.0,9900000000.0,,50.25,25.4,,25000.0,,6700000.0,68.7,1300000000.0,,2350000000.0,0.0,0.0,2350000000.0,3149000000000.0,383000.0,1490000.0,,2250000.0,112500000000.0,26074906.0,,1963.0,,675000.0,20000.0,4.28,25.0
Ireland,70280,14.47,-2881000000.0,7.85,11000000000.0,21780000000.0,22880000000.0,103800000000.0,126400000000.0,31900.0,5.1,0.1,100.0,2800.0,95736.0,60650000000.0,7.0,5.39,2.2,162228.0,1260000.0,23.8,1920000.0,77.56,700000000.0,0.9,4199000000.0,0.0,3384000000.0,815000000.0,9911000000.0,174400.0,27450.0,178600.0,0.0,0.0,4015676.0,31.2,3312.0,4152000000.0,1955000.0,3400000.0,1.87,4.3
Israel,20770,18.21,211900000.0,6.18,74460000000.0,38300000000.0,42670000000.0,34410000000.0,129000000000.0,20800.0,3.9,0.1,100.0,3000.0,16903.0,36840000000.0,4.5,7.03,0.0,437516.0,2000000.0,17.6,2680000.0,79.32,9110000000.0,8.7,10000000.0,0.0,0.0,10000000.0,20810000000.0,260000.0,,,80.0,1920000.0,6276883.0,104.5,640.0,28480000000.0,3006000.0,6334000.0,2.44,10.7
Italy,301230,8.89,-21100000000.0,10.3,913900000000.0,293900000000.0,261600000000.0,336400000000.0,1609000000000.0,27700.0,1.3,0.5,1000.0,140000.0,479688.0,329300000000.0,0.7,5.94,2.3,1437511.0,18500000.0,19.3,24270000.0,79.68,28182800000.0,1.8,71180000000.0,61000000.0,54780000000.0,15490000000.0,209700000000.0,1866000.0,456600.0,2158000.0,79460.0,586600000.0,58103033.0,105.6,19507.0,61500000000.0,26596000.0,55918000.0,1.28,8.6
Jamaica,10991,16.56,-830700000.0,5.37,5964000000.0,5849000000.0,6289000000.0,1679000000.0,11130000000.0,4100.0,1.9,1.2,900.0,22000.0,18700.0,3624000000.0,-2.0,12.36,12.4,1480.0,600000.0,32.0,1140000.0,76.29,31200000.0,0.4,,,,,,66000.0,,,0.0,,2731832.0,146.1,272.0,1400000000.0,444400.0,1400000.0,1.95,15.0
Jan Mayen,373,,,,,,,,,,,,,,,,,,,,,,,,,,,,,,,,,,,,,,,,,,,
Japan,377835,9.47,170200000000.0,8.95,,971000000000.0,1044000000000.0,538800000000.0,3745000000000.0,29400.0,2.9,0.1,500.0,12000.0,1171647.0,401800000000.0,6.6,3.26,-0.1,12962065.0,57200000.0,24.0,66970000.0,81.15,45841000000.0,1.0,80420000000.0,0.0,77730000000.0,2519000000.0,20020000000.0,5290000.0,93360.0,5449000.0,17330.0,29290000.0,127417244.0,164.3,23705.0,664600000000.0,71149000.0,86658600.0,1.39,4.7
Jarvis Island,5,,,,,,,,,,,,,,,,,,,,,,,,,,,,,,,,,,,,,,,,,,,
Jersey,116,9.66,,9.19,,630100000.0,,,3600000000.0,40000.0,,,,,577.0,,,5.24,5.3,,,,52790.0,79.24,,,,,,,,,,,,,90812.0,,,,73900.0,61400.0,1.57,0.9
Johnston Atoll,3,,,,,,,,,,,,,,,,,,,,,,,,,,,,,,,,,,,,361.0,,,,,,,
Jordan,92300,21.76,203200000.0,2.63,7320000000.0,7094000000.0,7307000000.0,3200000000.0,25500000000.0,4500.0,5.1,0.1,500.0,600.0,7301.0,7600000000.0,5.0,17.35,3.2,3160.0,457000.0,11.6,1410000.0,78.24,1460000000.0,14.6,290000000.0,0.0,0.0,290000000.0,3256000000.0,103000.0,0.0,100000.0,40.0,445000.0,5759732.0,85.8,505.0,5457000000.0,622600.0,1325300.0,2.71,15.0
Juan de Nova Island,4,,,,,,,,,,,,,,,,,,,,,,,,,,,,,,,,,,,,,,,,,,,
Kazakhstan,2717300,15.78,-39020000.0,9.46,26030000000.0,62210000000.0,66820000000.0,18470000000.0,118400000000.0,7800.0,9.1,0.2,200.0,16500.0,82980.0,13070000000.0,10.6,29.21,6.9,21984.0,250000.0,23.9,7950000.0,66.55,221800000.0,0.9,14300000000.0,11010000000.0,8696000000.0,11600000000.0,1800000000000.0,189400.0,890000.0,47000.0,1200000.0,26000000000.0,15185844.0,13.7,13601.0,14350000000.0,2081900.0,1027000.0,1.89,8.0
Kenya,582650,40.13,-459200000.0,14.65,6792000000.0,4337000000.0,4475000000.0,2589000000.0,34680000000.0,1100.0,2.2,6.7,150000.0,1200000.0,63942.0,4190000000.0,2.6,61.47,9.0,8325.0,400000.0,14.7,11400000.0,47.99,177100000.0,1.3,,,,,,57000.0,,,0.0,,33829590.0,74.3,2778.0,1500000000.0,328400.0,1590800.0,4.96,40.0
Kingman Reef,1,,,,,,,,,,,,,,,,,,,,,,,,,,,,,,,,,,,,,,,,,,,
Kiribati,811,30.86,,8.37,10000000.0,6510000.0,7000000.0,35000000.0,79000000.0,800.0,1.5,,,,670.0,83000000.0,0.7,48.52,2.5,,2000.0,,7870.0,61.71,,,,,,,,190.0,,,0.0,,103092.0,,,,4500.0,500.0,4.2,2.0
Korea North,120540,16.09,,7.05,12000000000.0,31260000000.0,33620000000.0,1200000000.0,30880000000.0,1400.0,1.0,,,,31200.0,2100000000.0,,24.04,,,,,9600000.0,71.37,5217400000.0,,,,,,,85000.0,,11500.0,0.0,,22912177.0,,5214.0,,1100000.0,,2.15,
Korea South,98480,10.08,26780000000.0,6.26,160000000000.0,293600000000.0,322500000000.0,250600000000.0,925100000000.0,19200.0,4.6,0.1,200.0,8300.0,86990.0,214200000000.0,10.1,7.05,3.6,694206.0,29220000.0,28.7,22900000.0,75.82,16180000000.0,2.8,20920000000.0,0.0,21110000000.0,0.0,,2070000.0,630100.0,2263000.0,0.0,,48422644.0,21.3,3125.0,199100000000.0,22877000.0,33591800.0,1.26,3.6
Kuwait,17820,21.88,12040000000.0,2.42,15020000000.0,30160000000.0,32430000000.0,27420000000.0,48000000000.0,21300.0,6.8,0.12,,,4450.0,11120000000.0,-5.0,9.95,2.3,3437.0,567000.0,8.0,1420000.0,77.03,2584500000.0,5.3,8700000000.0,0.0,0.0,8700000000.0,1548000000000.0,293000.0,1970000.0,,2319000.0,96500000000.0,2335648.0,29.6,,7333000000.0,486900.0,1420000.0,2.97,2.2
Kyrgyzstan,198500,22.48,-87920000.0,7.13,1970000000.0,10210000000.0,11720000000.0,646700000.0,8495000000.0,1700.0,6.0,0.1,200.0,3900.0,18500.0,775100000.0,6.0,35.64,3.2,12299.0,152000.0,17.0,2700000.0,68.16,19200000.0,1.4,2016000000.0,0.0,2000000000.0,16000000.0,,20000.0,,,2000.0,,5146281.0,,470.0,498700000.0,394800.0,53100.0,2.7,18.0
Laos,236800,35.99,-80760000.0,11.83,2490000000.0,3036000000.0,3560000000.0,365500000.0,11280000000.0,1900.0,6.0,0.1,200.0,1700.0,21716.0,579500000.0,9.7,85.22,12.3,937.0,15000.0,,2600000.0,55.08,10700000.0,0.5,,,,,,2750.0,,,0.0,,6217141.0,,,193100000.0,61900.0,55200.0,4.77,5.7
Latvia,64589,9.04,-1251000000.0,13.7,7368000000.0,5829000000.0,4547000000.0,3569000000.0,26530000000.0,11500.0,7.6,0.6,500.0,7600.0,60472.0,5970000000.0,8.5,9.55,6.0,51758.0,936000.0,26.1,1170000.0,71.05,87000000.0,1.2,1700000000.0,0.0,1700000000.0,0.0,,44000.0,,,0.0,,2290237.0,11.8,2303.0,1650000000.0,653900.0,1219600.0,1.26,8.8
Lebanon,10400,18.88,-2389000000.0,6.24,15840000000.0,8591000000.0,8066000000.0,1783000000.0,18830000000.0,5000.0,4.0,0.1,200.0,2800.0,7300.0,8162000000.0,,24.52,2.0,6998.0,400000.0,26.0,2600000.0,72.63,540600000.0,3.1,,,,,,107000.0,,,0.0,,3826018.0,177.9,401.0,16300000000.0,678800.0,775100.0,1.92,18.0
Lesotho,30355,26.53,-108300000.0,25.03,735000000.0,308000000.0,314000000.0,484500000.0,5892000000.0,3200.0,3.3,28.9,29000.0,320000.0,5940.0,730900000.0,15.5,84.23,5.3,119.0,21000.0,39.6,838000.0,36.68,32300000.0,2.3,,,,,,1500.0,,,0.0,,1867035.0,,,402200000.0,28600.0,92000.0,3.35,45.0
Liberia,111370,44.22,,17.87,2100000000.0,454600000.0,488800000.0,1079000000.0,2903000000.0,900.0,21.8,5.9,7200.0,100000.0,10600.0,5051000000.0,,128.87,15.0,14.0,1000.0,,,47.69,1500000.0,0.2,,,,,,3100.0,,,0.0,,3482211.0,,490.0,,7000.0,2000.0,6.09,85.0
Libya,1759540,26.82,9895000000.0,3.48,4069000000.0,19430000000.0,20890000000.0,18650000000.0,37480000000.0,6700.0,4.9,0.3,,10000.0,83200.0,7224000000.0,,24.6,2.9,67.0,160000.0,9.9,1590000.0,76.5,1300000000.0,3.9,5410000000.0,770000000.0,0.0,6180000000.0,1321000000000.0,216000.0,,,1518000.0,38000000000.0,5765563.0,8.8,,24180000000.0,750000.0,100000.0,3.34,30.0
Liechtenstein,160,10.41,,7.06,0.0,,,2470000000.0,825000000.0,25000.0,11.0,,,,250.0,917300000.0,,4.7,1.0,3727.0,20000.0,,29000.0,79.55,,,,,,,,,,,,,33717.0,,,,19900.0,11400.0,1.51,1.3
Lithuania,65200,8.62,-1600000000.0,10.92,10010000000.0,10170000000.0,17930000000.0,8880000000.0,45230000000.0,12500.0,6.6,0.1,200.0,1300.0,77148.0,11020000000.0,12.0,6.89,1.1,67769.0,695700.0,21.9,1630000.0,73.97,230800000.0,1.9,2760000000.0,0.0,2760000000.0,0.0,,72000.0,,,4594.0,,3596617.0,25.2,1998.0,4610000000.0,824200.0,2169900.0,1.19,8.0
Luxembourg,2586,12.06,,8.41,,5735000000.0,2511000000.0,13400000000.0,27270000000.0,58900.0,2.3,0.2,100.0,500.0,5210.0,16300000000.0,2.9,4.81,2.4,28214.0,165000.0,19.8,293700.0,78.74,231600000.0,0.9,865000000.0,0.0,867000000.0,0.0,,50650.0,634.0,50700.0,0.0,,468571.0,,274.0,,355400.0,473000.0,1.79,4.5
Macau,25,8.04,,4.23,2700000000.0,1772000000.0,1719000000.0,2580000000.0,9100000000.0,19400.0,15.6,,,,341.0,2760000000.0,,4.39,2.0,89.0,120000.0,,231500.0,82.03,,,,,,,,11190.0,,,0.0,,449198.0,,,,174600.0,364000.0,0.93,4.7
Macedonia,25333,12.0,-311000000.0,8.73,1863000000.0,7216000000.0,6273000000.0,1629000000.0,14400000000.0,7100.0,1.3,0.1,100.0,200.0,8684.0,2677000000.0,0.0,10.09,0.4,3738.0,100000.0,17.5,855000.0,73.73,200000000.0,6.0,,,,,,22000.0,,,0.0,,2045262.0,20.0,699.0,928000000.0,560000.0,365300.0,1.57,37.7
Madagascar,587040,41.66,-281900000.0,11.35,4600000000.0,781400000.0,840200000.0,868200000.0,14560000000.0,800.0,5.5,1.7,7500.0,140000.0,49827.0,1147000000.0,3.0,76.83,7.5,773.0,70500.0,14.7,7300000.0,56.95,44600000.0,1.2,,,,,0.0,13000.0,,,0.0,0.0,18040341.0,,732.0,500300000.0,59600.0,279500.0,5.66,
Malawi,118480,43.95,-55500000.0,23.39,3129000000.0,1012000000.0,1088000000.0,503400000.0,7410000000.0,600.0,4.0,14.2,84000.0,900000.0,28400.0,521100000.0,1.4,103.32,12.0,18.0,36000.0,10.7,4500000.0,36.97,11100000.0,0.7,,,,,,5400.0,,,0.0,,12158924.0,228.3,797.0,160500000.0,85000.0,135100.0,5.98,
Malaysia,329750,23.07,11810000000.0,5.06,53360000000.0,68400000000.0,75330000000.0,123500000000.0,229300000000.0,9700.0,7.1,0.4,2000.0,52000.0,65877.0,99300000000.0,10.2,17.7,1.3,107971.0,8692100.0,21.7,10490000.0,72.24,1690000000.0,2.03,31250000000.0,22410000000.0,0.0,53660000000.0,2230000000000.0,460000.0,230200.0,,785000.0,3200000000.0,23953136.0,45.4,2418.0,55270000000.0,4571600.0,11124100.0,3.07,3.0
Maldives,300,35.43,,7.24,281000000.0,115700000.0,124400000.0,90000000.0,1250000000.0,3900.0,2.3,0.1,,100.0,,392000000.0,4.4,56.52,1.0,532.0,15000.0,,88000.0,64.06,41100000.0,5.5,,,,,,3200.0,,,0.0,,349106.0,,,,28700.0,41900.0,5.02,
Mali,1240000,46.77,,19.05,3300000000.0,651000000.0,700000000.0,915000000.0,11000000000.0,900.0,4.0,1.9,12000.0,140000.0,15100.0,927000000.0,,116.79,4.5,187.0,25000.0,,3930000.0,45.09,22400000.0,0.4,,,,,,4000.0,,,0.0,,12291529.0,,729.0,,56600.0,250000.0,6.5,5.3
Malta,316,10.17,-241000000.0,8.0,130000000.0,2000000000.0,2150000000.0,2625000000.0,7223000000.0,18200.0,1.0,0.2,100.0,500.0,2222.0,3407000000.0,,3.89,2.9,7156.0,120000.0,26.4,160000.0,78.86,31100000.0,0.7,,,,,,20000.0,,,0.0,,398534.0,,,2865000000.0,208300.0,290000.0,1.5,7.0
Man Isle of,572,11.18,,11.26,,,,,2113000000.0,28500.0,,,,,800.0,,3.2,5.93,3.6,,,,39690.0,78.34,,,,,,,,,,,,,75049.0,,61.0,,51000.0,,1.65,0.6
Marshall Islands,181,33.52,,4.88,86500000.0,,,9000000.0,115000000.0,1600.0,1.0,,,,65.0,54000000.0,,29.45,2.0,6.0,1400.0,,28700.0,70.01,,,,,,,,,,,,,59071.0,,,,4500.0,600.0,3.93,30.9
Martinique,1100,14.14,,6.44,180000000.0,1095000000.0,1178000000.0,250000000.0,6117000000.0,14400.0,,,,,2105.0,2000000000.0,,7.09,3.9,,40000.0,,165900.0,79.04,,,,,,,,13500.0,,,0.0,,432900.0,,,,172000.0,319900.0,1.79,27.2
Mauritania,1030700,41.43,,12.44,2500000000.0,176900000.0,190200000.0,541000000.0,5534000000.0,1800.0,3.0,0.6,,9500.0,7660.0,860000000.0,2.0,70.89,7.0,25.0,10000.0,,786000.0,52.73,20800000.0,1.7,,,,,,24000.0,,,0.0,,3086859.0,,,,31500.0,300000.0,5.94,20.0
Mauritius,2040,15.62,284100000.0,6.83,1780000000.0,1707000000.0,1836000000.0,2012000000.0,15680000000.0,12800.0,4.7,0.1,100.0,700.0,2000.0,2245000000.0,8.0,15.03,4.5,3985.0,150000.0,22.5,560000.0,72.38,12500000.0,0.2,,,,,,21000.0,,,0.0,,1230602.0,29.2,,1676000000.0,348200.0,462400.0,1.96,10.8
Mayotte,374,41.58,,7.9,,,,3440000.0,466800000.0,2600.0,,,,,93.0,141300000.0,,62.4,,,,,48800.0,61.39,,,,,,,,,,,,,193633.0,,,,10000.0,21700.0,5.89,38.0
Mexico,1972550,21.01,-4113000000.0,4.73,149900000000.0,189700000000.0,203600000000.0,182400000000.0,1006000000000.0,9600.0,4.1,0.3,5000.0,160000.0,329532.0,190800000000.0,3.8,20.91,5.4,1333406.0,10033000.0,19.4,34730000.0,75.19,6043000000.0,0.9,55100000000.0,0.0,7850000000.0,47300000000.0,420000000000.0,1752000.0,1863000.0,205000.0,3460000.0,18000000000.0,106202903.0,23.5,19510.0,60670000000.0,15958700.0,28125000.0,2.45,3.2
Micronesia Federated States of,702,25.11,,4.87,53100000.0,178600000.0,192000000.0,22000000.0,277000000.0,2000.0,1.0,,,,240.0,149000000.0,,30.21,1.0,,6000.0,,,69.75,,,,,,,,,,,,,108105.0,,,,10100.0,1800.0,3.25,16.0
Midway Islands,6,,,,,,,,,,,,,,,,,,,,,,,,,,,,,,,,,,,,,,,,,,,
Moldova,33843,15.27,-148400000.0,12.79,1400000000.0,4605000000.0,3876000000.0,1030000000.0,8581000000.0,1900.0,6.8,0.2,300.0,5500.0,12719.0,1830000000.0,17.0,40.42,11.5,11984.0,150000.0,17.1,1360000.0,65.18,8700000.0,0.4,2050000000.0,0.0,2050000000.0,0.0,,24000.0,,,0.0,,4455421.0,63.4,1138.0,390000000.0,706900.0,338200.0,1.81,8.0
Monaco,2,9.26,,12.71,18000000000.0,,,,870000000.0,27000.0,0.9,,,,50.0,,,5.43,1.9,533.0,16000.0,,30540.0,79.57,,,,,,,,,,,,,32409.0,,,,33700.0,19300.0,1.76,22.0
Mongolia,1564116,21.52,,7.03,1191000000.0,2209000000.0,2692000000.0,853000000.0,5332000000.0,1900.0,10.6,0.1,200.0,500.0,49256.0,1000000000.0,4.1,53.79,11.0,1000.0,220000.0,,1488000.0,64.52,23100000.0,2.2,,,,,,11000.0,497.0,11000.0,542.0,,2791272.0,,,,142300.0,404400.0,2.26,6.7
Montserrat,102,17.56,,7.17,8900000.0,1674000.0,1800000.0,700000.0,29000000.0,3400.0,-1.0,,,,227.0,17000000.0,,7.35,2.6,,,,4521.0,78.71,,,,,,,,400.0,,,0.0,,9341.0,,,,,70.0,1.78,6.0
Morocco,446550,22.29,765400000.0,5.64,17070000000.0,14240000000.0,13910000000.0,9754000000.0,134600000000.0,4200.0,4.4,0.1,,15000.0,57694.0,15630000000.0,,41.62,2.1,3627.0,800000.0,22.4,11020000.0,70.66,2305600000.0,5.0,50000000.0,0.0,0.0,50000000.0,665400000.0,167000.0,,,1000.0,300000000.0,32725847.0,70.2,1907.0,15140000000.0,1219200.0,7332800.0,2.73,12.1
Mozambique,801590,35.79,-101200000.0,20.99,966000000.0,5046000000.0,8859000000.0,689400000.0,23380000000.0,1200.0,8.2,12.2,110000.0,1300000.0,30400.0,972900000.0,3.4,130.79,12.8,3249.0,50000.0,47.0,9200000.0,40.32,117300000.0,2.2,60000000.0,0.0,0.0,60000000.0,63710000000.0,8500.0,,,0.0,0.0,19406703.0,,3123.0,1206000000.0,83700.0,428900.0,4.7,21.0
Namibia,825418,25.16,234300000.0,18.36,1136000000.0,1920000000.0,1167000000.0,1356000000.0,14760000000.0,7300.0,4.8,21.3,16000.0,210000.0,42237.0,1473000000.0,,48.98,4.2,3164.0,65000.0,19.6,840000.0,43.93,168400000.0,3.1,,,,,31150000000.0,13000.0,,,0.0,0.0,2030692.0,38.5,2382.0,360000000.0,127400.0,223700.0,3.18,35.0
Nauru,21,25.14,,6.82,33300000.0,27900000.0,30000000.0,640000.0,60000000.0,5000.0,,,,,30.0,19800000.0,,9.95,-3.6,,300.0,,,62.73,,,,,,,,1000.0,,,0.0,,13048.0,,,,1900.0,1500.0,3.19,90.0
Navassa Island,5,,,,,,,,,,,,,,,,,,,,,,,,,,,,,,,,,,,,,,,,,,,
Nepal,140800,31.45,,9.47,2700000000.0,2005000000.0,2054000000.0,568000000.0,39530000000.0,1500.0,3.0,0.5,3100.0,61000.0,13223.0,1419000000.0,8.7,66.98,2.9,917.0,80000.0,,10000000.0,59.8,99200000.0,1.5,,,,,,16000.0,,,0.0,,27676547.0,,59.0,,371800.0,50400.0,4.19,47.0
Netherlands,41526,11.14,19900000000.0,8.68,,100700000000.0,90610000000.0,293100000000.0,481100000000.0,29500.0,1.2,0.2,100.0,19000.0,116500.0,252700000000.0,0.8,5.04,1.4,4518226.0,8500000.0,19.9,7530000.0,78.81,9408000000.0,1.6,49720000000.0,49280000000.0,20780000000.0,77750000000.0,1693000000000.0,895300.0,1418000.0,2284000.0,46200.0,88060000.0,16407491.0,55.8,2808.0,21440000000.0,10004000.0,12500000.0,1.66,6.0
Netherlands Antilles,960,15.0,,6.41,1350000000.0,934300000.0,1005000000.0,1579000000.0,2450000000.0,11400.0,0.5,,,,600.0,2233000000.0,,10.03,2.1,119.0,2000.0,,89000.0,75.83,,,,,,,,72000.0,,,0.0,,219958.0,,,,81000.0,81000.0,2.0,15.6
New Caledonia,19060,18.49,,5.65,79000000.0,1471000000.0,1581000000.0,448000000.0,3158000000.0,15000.0,,,,,5432.0,1007000000.0,-0.6,7.72,-0.6,4449.0,60000.0,,79400.0,74.04,,,,,,,,8750.0,,,0.0,,216494.0,,,,52000.0,80000.0,2.31,19.0
New Zealand,268680,13.9,-3647000000.0,7.53,47340000000.0,35710000000.0,38390000000.0,19850000000.0,92510000000.0,23200.0,4.8,0.1,200.0,1400.0,92382.0,19770000000.0,5.9,5.85,2.4,474395.0,2110000.0,22.4,2050000.0,78.66,1147000000.0,1.0,6504000000.0,0.0,0.0,6504000000.0,58940000000.0,132700.0,30220.0,119700.0,42160.0,89620000.0,4035461.0,22.1,3898.0,4805000000.0,1765000.0,2599000.0,1.79,4.2
Nicaragua,129494,24.88,-843100000.0,4.49,4573000000.0,2318000000.0,2553000000.0,750000000.0,12340000000.0,2300.0,4.0,0.2,,6400.0,18712.0,2020000000.0,4.4,29.11,9.3,7094.0,90000.0,28.0,1930000.0,70.33,32800000.0,0.7,,,,,,25770.0,738.0,27950.0,0.0,,5465100.0,69.5,6.0,670000000.0,171600.0,202800.0,2.81,7.8
Niger,1267000,48.3,,21.33,1600000000.0,327600000.0,266200000.0,280000000.0,9716000000.0,900.0,3.5,1.2,4800.0,70000.0,10100.0,400000000.0,,121.69,3.0,134.0,15000.0,,70000.0,42.13,33300000.0,1.1,,,,,,5000.0,,,0.0,,11665937.0,,,,22400.0,24000.0,6.75,
Nigeria,923768,40.65,5228000000.0,17.18,30550000000.0,18430000000.0,19850000000.0,33990000000.0,125700000000.0,1000.0,6.2,5.4,310000.0,3600000.0,194394.0,17140000000.0,1.8,98.8,16.5,1142.0,750000.0,18.0,55670000.0,46.74,544600000.0,0.8,7850000000.0,7830000000.0,0.0,15680000000.0,4007000000000.0,275000.0,,,2356000.0,34000000000.0,128771988.0,20.0,3557.0,14710000000.0,853100.0,3149500.0,5.53,
Niue,260,,,,418000.0,2790000.0,3000000.0,137200.0,7600000.0,3600.0,-0.3,,,,234.0,2380000.0,,,1.0,,,,,,,,,,,,,20.0,,,0.0,,2166.0,,,,1100.0,400.0,,
Norfolk Island,35,,,,,,,1500000.0,,,,,,,80.0,17900000.0,,,,,700.0,,1345.0,,,,,,,,,,,,,,1828.0,,,,2532.0,0.0,,0.0
Northern Mariana Islands,477,19.51,,2.3,,,,,900000000.0,12500.0,,,,,362.0,,,7.11,1.2,,,,6006.0,75.88,,,,,,,,,,,,,80362.0,,,,21000.0,3000.0,1.27,
Norway,324220,11.67,30520000000.0,9.45,0.0,107400000000.0,125900000000.0,76640000000.0,183000000000.0,40000.0,3.3,0.1,100.0,2100.0,91852.0,45960000000.0,5.2,3.7,1.0,593850.0,2288000.0,17.5,2380000.0,79.4,4033500000.0,1.9,4100000000.0,50500000000.0,0.0,54600000000.0,1716000000000.0,171100.0,3466000.0,88870.0,3310000.0,9859000000.0,4593041.0,33.1,4077.0,,3343000.0,4163400.0,1.78,4.3
Oman,212460,36.73,2674000000.0,3.86,4814000000.0,9792000000.0,9896000000.0,13140000000.0,38090000000.0,13100.0,1.2,0.1,200.0,1300.0,34965.0,6373000000.0,-1.2,19.51,0.2,726.0,180000.0,13.5,920000.0,73.13,252990000.0,11.4,6340000000.0,7430000000.0,0.0,13770000000.0,829700000000.0,54000.0,721000.0,,775000.0,5500000000.0,3001583.0,10.3,,4144000000.0,233900.0,464900.0,5.84,15.0
Pakistan,803940,30.42,1400000000.0,8.45,33970000000.0,52660000000.0,75270000000.0,15070000000.0,347300000000.0,2200.0,6.1,0.1,4900.0,74000.0,257683.0,14010000000.0,13.1,72.44,4.8,15124.0,1500000.0,16.4,45430000.0,63.0,3848000000.0,4.9,23400000000.0,0.0,0.0,23400000000.0,695600000000.0,365000.0,,,61000.0,325500000.0,162419946.0,71.4,8163.0,12580000000.0,3982800.0,2624800.0,4.14,8.3
Palau,458,18.37,,6.85,0.0,,,18000000.0,174000000.0,9000.0,1.0,,,,61.0,99000000.0,,14.84,3.4,,,,9845.0,70.14,,,,,,,,,,,,,20303.0,,,,6700.0,1000.0,2.46,2.3
Palmyra Atoll,12,,,,,,,,,,,,,,,,,,,,,,,,,,,,,,,,,,,,,,,,,,,
Panama,78200,19.96,-469600000.0,6.54,8780000000.0,4473000000.0,4873000000.0,5699000000.0,20570000000.0,6900.0,6.0,0.9,,16000.0,11643.0,7164000000.0,5.4,20.47,2.0,7129.0,120000.0,25.0,1320000.0,71.94,147000000.0,1.1,,,,,,40520.0,,,0.0,,3039150.0,69.2,355.0,1076000000.0,386900.0,834000.0,2.45,12.6
Papua New Guinea,462840,29.95,29150000.0,7.37,2463000000.0,1561000000.0,1679000000.0,2437000000.0,11990000000.0,2200.0,0.9,0.6,600.0,16000.0,19600.0,1353000000.0,,51.45,4.2,389.0,75000.0,13.6,3320000.0,64.93,16900000.0,1.4,110000000.0,0.0,0.0,110000000.0,385500000000.0,15000.0,,,46200.0,170000000.0,5545268.0,59.3,,635800000.0,62000.0,15000.0,3.96,
Paraguay,406750,29.43,-36110000.0,4.53,3239000000.0,2469000000.0,48360000000.0,2936000000.0,29930000000.0,4800.0,2.8,0.5,600.0,15000.0,29500.0,3330000000.0,0.0,25.63,5.1,9243.0,120000.0,18.1,2660000.0,74.89,53100000.0,0.9,,,,,,25000.0,,,0.0,,6347884.0,39.2,441.0,1164000000.0,273200.0,1770300.0,3.93,15.1
Peru,1285220,20.87,-30000000.0,6.26,29790000000.0,20220000000.0,22880000000.0,12300000000.0,155300000000.0,5600.0,4.5,0.5,4200.0,82000.0,78230.0,9600000000.0,5.2,31.94,3.8,65868.0,2850000.0,17.8,11000000.0,69.53,829300000.0,1.4,910000000.0,0.0,0.0,910000000.0,245100000000.0,161000.0,49000.0,,95500.0,408800000.0,27925628.0,44.1,3462.0,12700000000.0,1839200.0,2908800.0,2.56,9.6
Philippines,300000,25.31,3600000000.0,5.47,55600000000.0,46050000000.0,52860000000.0,38630000000.0,430600000000.0,5000.0,5.9,0.1,500.0,9000.0,202124.0,37500000000.0,5.0,23.51,5.5,38440.0,3500000.0,17.0,35860000.0,69.91,805500000.0,1.0,25000000.0,0.0,0.0,2500000.0,107600000000.0,338000.0,0.0,312000.0,26000.0,152000000.0,87857473.0,74.2,897.0,16050000000.0,3310900.0,15201000.0,3.16,11.7
Pitcairn Islands,47,,,,,,,,,,,,,,6.0,,,,,,,,15.0,,,,,,,,,,,,,,46.0,,,,1.0,,,
Poland,312685,10.78,-3831000000.0,10.01,99150000000.0,117400000000.0,133800000000.0,75980000000.0,463000000000.0,12000.0,5.6,0.1,100.0,14000.0,364697.0,81610000000.0,10.0,8.51,3.4,804915.0,8970000.0,18.4,17020000.0,74.41,3500000000.0,1.71,13850000000.0,41000000.0,8782000000.0,5471000000.0,154400000000.0,424100.0,53000.0,413700.0,17180.0,116400000.0,38635144.0,49.9,23852.0,41880000000.0,12300000.0,17401000.0,1.39,19.5
Portugal,92391,10.82,-8120000000.0,10.43,274700000000.0,42150000000.0,43280000000.0,37680000000.0,188700000000.0,17900.0,1.1,0.4,1000.0,22000.0,17135.0,52100000000.0,1.1,5.05,2.1,346078.0,3600000.0,22.3,5480000.0,77.53,3497800000.0,2.3,2542000000.0,0.0,2553000000.0,0.0,,339800.0,28830.0,357300.0,0.0,,10566212.0,61.5,2850.0,12300000000.0,4278800.0,9341400.0,1.47,6.5
Puerto Rico,9104,13.93,,7.86,,20540000000.0,22090000000.0,46900000000.0,68950000000.0,17700.0,2.7,,,7397.0,25328.0,29100000000.0,,8.24,6.5,,600000.0,,1300000.0,77.62,,,630000000.0,0.0,630000000.0,0.0,,190000.0,,,0.0,,3916632.0,,96.0,,1329500.0,1211111.0,1.91,12.0
Qatar,11437,15.54,5187000000.0,4.61,18620000000.0,9046000000.0,9727000000.0,15000000000.0,19490000000.0,23200.0,8.7,0.09,,,1230.0,6150000000.0,10.0,18.61,3.0,221.0,126000.0,22.9,140000.0,73.67,723000000.0,10.0,15860000000.0,18200000000.0,0.0,32400000000.0,14410000000000.0,30000.0,,,790000.0,16000000000.0,863051.0,,,3351000000.0,184500.0,376500.0,2.87,2.7
Reunion,2517,19.26,,5.48,,1084000000.0,1166000000.0,214000000.0,4570000000.0,6000.0,2.5,,,,1214.0,2500000000.0,,7.78,,,150000.0,,309900.0,73.95,,,,,,,,18000.0,,,0.0,,776948.0,,,,300000.0,489800.0,2.47,36.0
Romania,237500,10.7,-3631000000.0,11.74,24590000000.0,57500000000.0,56530000000.0,23540000000.0,171500000000.0,7700.0,8.1,0.1,350.0,6500.0,198755.0,28430000000.0,4.0,26.43,9.6,50807.0,4000000.0,23.3,9660000.0,71.35,985000000.0,2.47,18500000000.0,0.0,5400000000.0,12600000000.0,111100000000.0,253800.0,,,128000.0,1055000000.0,22329977.0,23.6,11385.0,16210000000.0,4300000.0,6900000.0,1.36,6.3
Russia,17075200,9.8,46040000000.0,14.52,169600000000.0,894300000000.0,915000000000.0,162500000000.0,1408000000000.0,9800.0,6.7,1.1,9000.0,860000.0,537289.0,92910000000.0,6.4,15.39,11.5,560874.0,6000000.0,19.1,71830000.0,67.1,,,405800000000.0,171000000000.0,32700000000.0,578600000000.0,47000000000000.0,2310000.0,6110000.0,,8420000.0,69000000000.0,143420309.0,28.2,87157.0,124500000000.0,35500000.0,17608800.0,1.27,8.3
Rwanda,26338,40.6,-212500000.0,16.32,1300000000.0,195000000.0,166700000.0,69780000.0,10430000000.0,1300.0,0.9,5.1,22000.0,250000.0,12000.0,260000000.0,7.0,91.23,7.0,1495.0,25000.0,20.0,4600000.0,46.96,50100000.0,3.2,,,,,28320000000.0,5300.0,,,0.0,0.0,8440820.0,,,210900000.0,23200.0,134000.0,5.49,
Saint Helena,410,12.33,,6.43,,4650000.0,5000000.0,17000000.0,18000000.0,2500.0,,,,,198.0,42000000.0,,19.0,3.2,,500.0,,3500.0,77.76,,,,,,,,200.0,,,0.0,,7460.0,,,,2200.0,0.0,1.54,14.0
Saint Kitts and Nevis,261,18.12,,8.47,171000000.0,98440000.0,105800000.0,70000000.0,339000000.0,8800.0,-1.9,,,,320.0,195000000.0,,14.49,1.7,51.0,10000.0,,18170.0,72.15,,,,,,,,710.0,,,0.0,,38958.0,,50.0,,23500.0,5000.0,2.33,4.5
Saint Lucia,616,20.05,,5.12,214000000.0,251300000.0,270300000.0,66000000.0,866000000.0,5400.0,3.3,,,,1210.0,267000000.0,-8.9,13.53,3.0,41.0,13000.0,,43800.0,73.61,,,,,,,,2400.0,,,0.0,,166312.0,,,,51100.0,14300.0,2.21,20.0
Saint Pierre and Miquelon,242,13.83,,6.7,,40060000.0,43080000.0,10000000.0,48300000.0,7000.0,,,,,114.0,106000000.0,,7.54,2.1,,,,3261.0,78.46,,,,,,,,600.0,,,0.0,,7012.0,,,,4800.0,0.0,2.03,9.8
Saint Vincent and the Grenadines,389,16.34,,6.0,167200000.0,84820000.0,91200000.0,38000000.0,342000000.0,2900.0,0.7,,,,829.0,174000000.0,-0.9,14.78,-0.4,4.0,7000.0,,67000.0,73.62,,,,,,,,1250.0,,,0.0,,117534.0,,,,27300.0,10000.0,1.85,15.0
Samoa,2944,15.95,,6.54,197000000.0,113500000.0,122000000.0,14000000.0,1000000000.0,5600.0,5.0,,3.0,12.0,790.0,113000000.0,2.8,27.71,4.0,8225.0,4000.0,,90000.0,70.72,,,,,,,,1000.0,,,0.0,,177287.0,,,,11800.0,2700.0,3.01,
San Marino,61,10.18,,8.07,,,,,940000000.0,34600.0,7.5,,,,220.0,,6.0,5.73,3.3,1763.0,14300.0,,18500.0,81.62,700000.0,,,,,,,,,,,,28880.0,,,,20600.0,16800.0,1.33,2.6
Sao Tome and Principe,1001,40.8,-31500000.0,6.68,318000000.0,15810000.0,17000000.0,6700000.0,214000000.0,1200.0,6.0,,,,320.0,41000000.0,,43.11,14.0,1069.0,15000.0,31.5,,66.99,700000.0,0.8,,,,,,700.0,,,0.0,,187410.0,,,29780000.0,7000.0,4800.0,5.71,
Saudi Arabia,1960582,29.56,51500000000.0,2.62,34350000000.0,128500000000.0,138200000000.0,113000000000.0,310200000000.0,12000.0,5.0,0.01,,,152044.0,36210000000.0,2.8,13.24,0.8,15931.0,1500000.0,17.2,6620000.0,75.46,18000000000.0,10.0,56400000000.0,0.0,0.0,56400000000.0,6339000000000.0,1550000.0,7920000.0,0.0,9021000.0,261700000000.0,26417599.0,75.0,1392.0,23620000000.0,3502600.0,7238200.0,4.05,25.0
Senegal,196190,35.21,-518800000.0,10.6,3476000000.0,1615000000.0,1737000000.0,1374000000.0,18360000000.0,1700.0,3.2,0.8,3500.0,44000.0,14576.0,2128000000.0,4.7,55.51,0.8,672.0,225000.0,20.1,4650000.0,56.75,107300000.0,1.5,50000000.0,0.0,0.0,50000000.0,,31000.0,,,0.0,,11126832.0,55.2,906.0,820000000.0,228800.0,575900.0,4.75,48.0
Serbia and Montenegro,102350,12.12,-3008000000.0,10.49,12970000000.0,32330000000.0,31640000000.0,3245000000.0,26270000000.0,2400.0,6.5,0.2,100.0,10000.0,45290.0,9538000000.0,1.7,12.89,8.8,20207.0,847000.0,14.4,3200000.0,74.73,654000000.0,,602000000.0,0.0,0.0,602000000.0,24070000000.0,64000.0,,,15000.0,38750000.0,10829175.0,80.0,4380.0,3550000000.0,2611700.0,3634600.0,1.67,30.0
Seychelles,455,16.22,-98420000.0,6.34,218100000.0,202800000.0,218000000.0,256200000.0,626000000.0,7800.0,1.5,,,,373.0,393400000.0,,15.53,5.0,264.0,11700.0,39.5,30900.0,71.82,12300000.0,1.8,,,,,,4000.0,,,0.0,,81188.0,122.8,,70940000.0,21700.0,54500.0,1.75,
Sierra Leone,71740,42.84,,20.61,1500000000.0,237400000.0,255300000.0,49000000.0,3335000000.0,600.0,6.0,7.0,11000.0,170000.0,11300.0,264000000.0,,143.64,1.0,277.0,8000.0,,1369000.0,42.52,13200000.0,1.7,,,,,,6500.0,,,0.0,,6017643.0,,,,24000.0,67000.0,5.72,
Singapore,693,9.49,8800000000.0,4.16,19400000000.0,32000000000.0,35330000000.0,174000000000.0,120900000000.0,27800.0,8.1,0.2,200.0,4100.0,3130.0,155200000000.0,11.1,2.29,1.7,484825.0,2310000.0,27.4,2180000.0,81.62,4470000000.0,4.9,2500000000.0,0.0,2500000000.0,0.0,,700000.0,,,0.0,,4425720.0,102.5,,112800000000.0,1896100.0,3521800.0,1.05,3.4
Slovakia,48845,10.62,-1400000000.0,9.43,19540000000.0,28890000000.0,31150000000.0,29240000000.0,78890000000.0,14500.0,5.3,0.1,100.0,200.0,42970.0,29670000000.0,5.1,7.41,7.5,89592.0,1375800.0,24.0,2200000.0,74.5,406000000.0,1.89,6800000000.0,0.0,6600000000.0,190000000.0,7504000000.0,82000.0,,,1000.0,4500000.0,5431363.0,46.6,3661.0,14910000000.0,1294700.0,3678800.0,1.32,13.1
Slovenia,20273,8.95,-51640000.0,10.22,14650000000.0,11800000000.0,12490000000.0,14970000000.0,39410000000.0,19600.0,3.9,0.1,100.0,280.0,20250.0,16070000000.0,3.9,4.45,3.3,45491.0,750000.0,24.9,870000.0,76.14,370000000.0,1.7,1040000000.0,0.0,1040000000.0,0.0,,53300.0,,,20.0,,2011070.0,31.5,1201.0,8493000000.0,812300.0,1739100.0,1.24,6.4
Solomon Islands,28450,30.74,,3.98,180400000.0,29760000.0,32000000.0,74000000.0,800000000.0,1700.0,5.8,,,,1360.0,67000000.0,,21.29,10.0,398.0,2200.0,,26840.0,72.66,,,,,,,,1250.0,,,0.0,,538032.0,,,,6600.0,1000.0,4.04,
Somalia,637657,45.62,,16.97,3000000000.0,223500000.0,240300000.0,79000000.0,4597000000.0,600.0,2.8,1.0,,43000.0,22100.0,344000000.0,,116.7,,4.0,89000.0,,3700000.0,48.09,18900000.0,0.9,,,,,2832000000.0,4000.0,,,0.0,0.0,8591629.0,,,,100000.0,35000.0,6.84,
South Africa,1219912,18.48,-2480000000.0,21.32,27010000000.0,189400000000.0,202600000000.0,41970000000.0,491400000000.0,11100.0,3.5,21.5,370000.0,5300000.0,275971.0,39420000000.0,5.5,61.81,4.5,288633.0,3100000.0,16.7,16630000.0,43.27,3172000000.0,1.5,1800000000.0,0.0,0.0,1800000000.0,14160000000.0,460000.0,,,196200.0,7840000.0,44344136.0,45.9,22298.0,11680000000.0,4844000.0,16860000.0,2.24,26.2
South Georgia and the South Sandwich Islands,3903,,,,,,,,,,,,,,,,,,,,,,,,,,,,,,,,,,,,,,,,,,,
Spain,504782,10.1,-30890000000.0,9.63,771100000000.0,218400000000.0,229000000000.0,172500000000.0,937600000000.0,23300.0,2.6,0.7,1000.0,140000.0,664852.0,222000000000.0,3.0,4.42,3.2,1056950.0,9789000.0,25.4,19330000.0,79.52,9906500000.0,1.2,17960000000.0,0.0,17260000000.0,516000000.0,254900000.0,1497000.0,135100.0,1582000.0,7099.0,10500000.0,40341462.0,53.2,14268.0,19700000000.0,17567500.0,37506700.0,1.28,10.4
Spratly Islands,5,,,,,,,,,,,,,,,,,,,,,,,,,,,,,,,,,,,,,,,,,,,
Sri Lanka,65610,15.63,-587300000.0,6.49,10850000000.0,6228000000.0,6697000000.0,5306000000.0,80580000000.0,4000.0,5.2,0.1,200.0,3500.0,11650.0,7265000000.0,7.1,14.35,5.8,1882.0,200000.0,22.4,7260000.0,73.17,514800000.0,2.6,,,,,,75000.0,,,0.0,,20064776.0,104.3,1449.0,2475000000.0,881400.0,931600.0,1.85,7.8
Sudan,2505810,35.17,-763600000.0,9.16,21000000000.0,2400000000.0,2581000000.0,3395000000.0,76190000000.0,1900.0,6.4,2.3,23000.0,400000.0,11900.0,3496000000.0,8.5,62.5,9.0,,300000.0,16.0,11000000.0,58.54,587000000.0,3.0,,,,,99110000000.0,70000.0,275000.0,0.0,345000.0,1600000000.0,40187486.0,79.7,5995.0,1652000000.0,900000.0,650000.0,4.85,18.7
Suriname,163270,18.39,,7.16,321000000.0,1845000000.0,1984000000.0,495000000.0,1885000000.0,4300.0,4.2,1.7,500.0,5200.0,4492.0,604000000.0,6.5,23.57,23.0,18.0,20000.0,,104000.0,68.96,7500000.0,0.7,,,,,0.0,14000.0,1370.0,1644.0,12000.0,99000000.0,438144.0,,,,79800.0,168100.0,2.34,17.0
Svalbard,62049,,,,,,,,,,,0.0,0.0,0.0,,,,,,,,,,,,,,,,,,,,,,,2701.0,,,,,,,
Swaziland,17363,27.72,-82400000.0,25.26,320000000.0,1173000000.0,402000000.0,900100000.0,6018000000.0,5100.0,2.5,38.8,17000.0,220000.0,3107.0,1140000000.0,3.7,69.27,5.4,1401.0,27000.0,23.6,383200.0,35.65,40500000.0,1.4,,,,,,3500.0,,,0.0,,1173900.0,,301.0,320500000.0,46200.0,88000.0,3.7,34.0
Sweden,449964,10.36,24080000000.0,10.36,66500000000.0,138100000000.0,142800000000.0,121700000000.0,255400000000.0,28400.0,3.6,0.1,100.0,3600.0,213237.0,97970000000.0,5.5,2.77,0.7,945221.0,5125000.0,15.8,4460000.0,80.4,5729000000.0,1.7,949000000.0,0.0,968000000.0,0.0,,328600.0,203700.0,553100.0,0.0,,9001774.0,51.6,11481.0,19990000000.0,6579200.0,7949000.0,1.66,5.6
Switzerland,41290,9.77,40950000000.0,8.48,,54530000000.0,63470000000.0,130700000000.0,251900000000.0,33800.0,1.8,0.4,100.0,13000.0,71212.0,121100000000.0,4.7,4.39,0.9,667275.0,2556000.0,20.4,3770000.0,80.39,2548000000.0,1.0,3093000000.0,0.0,3093000000.0,0.0,,290400.0,10420.0,289500.0,0.0,,7489370.0,57.2,4533.0,69580000000.0,5419000.0,6172000.0,1.42,3.4
Syria,185180,28.29,1100000000.0,4.88,4000000000.0,24320000000.0,26150000000.0,6086000000.0,60440000000.0,3400.0,2.3,0.1,200.0,500.0,45697.0,5042000000.0,7.0,29.53,2.1,11.0,220000.0,16.3,5120000.0,70.03,858000000.0,5.9,5840000000.0,0.0,0.0,5840000000.0,240700000000.0,240000.0,285000.0,,525000.0,2500000000.0,18448752.0,32.0,2711.0,5000000000.0,2099300.0,400000.0,3.5,20.0
Taiwan,35980,12.64,21160000000.0,6.38,55500000000.0,147400000000.0,158500000000.0,170500000000.0,576200000000.0,25300.0,6.0,,,,37299.0,165400000000.0,12.2,6.4,1.7,2777085.0,13800000.0,18.0,10220000.0,77.26,7574000000.0,2.6,6640000000.0,410000000.0,6300000000.0,750000000.0,38230000000.0,988000.0,,,500.0,2900000.0,22894384.0,32.4,2508.0,246500000000.0,13355000.0,25089600.0,1.57,4.5
Tajikistan,143100,32.58,-52000000.0,8.39,888000000.0,14410000000.0,15080000000.0,1130000000.0,7950000000.0,1100.0,10.5,0.1,100.0,200.0,27767.0,1300000000.0,8.2,110.76,8.0,69.0,4100.0,22.0,3187000.0,64.56,35400000.0,3.9,1300000000.0,0.0,1250000000.0,50000000.0,,20000.0,,,250.0,,7163506.0,,482.0,145300000.0,242100.0,47600.0,4.05,40.0
Tanzania,945087,38.16,-327400000.0,16.71,7321000000.0,2566000000.0,2727000000.0,1248000000.0,23710000000.0,700.0,5.8,8.8,160000.0,1600000.0,88200.0,1972000000.0,8.4,98.54,5.4,5534.0,250000.0,16.2,19000000.0,45.24,20600000.0,0.2,,,,,11330000000.0,17000.0,,,0.0,0.0,36766356.0,5.0,3690.0,2175000000.0,149100.0,891200.0,5.06,
Thailand,514000,15.7,6736000000.0,7.02,50590000000.0,106100000000.0,118900000000.0,87910000000.0,524800000000.0,8100.0,6.1,1.5,58000.0,570000.0,57403.0,80840000000.0,8.5,20.48,2.8,103700.0,6971500.0,22.5,36430000.0,71.57,1775000000.0,1.8,23930000000.0,0.0,5200000000.0,18730000000.0,368200000000.0,785000.0,,,225000.0,600000000.0,65444371.0,47.6,4071.0,48300000000.0,6617400.0,26500000.0,1.88,1.5
Togo,56785,33.48,-125600000.0,11.8,1400000000.0,451200000.0,108800000.0,663100000.0,8684000000.0,1600.0,3.0,4.1,10000.0,110000.0,7520.0,824900000.0,,66.61,1.0,82.0,210000.0,19.1,1740000.0,52.64,35500000.0,1.9,,,,,,10000.0,,,0.0,,5681519.0,,568.0,267400000.0,60600.0,220000.0,4.61,
Tokelau,10,,,,0.0,,,98000.0,1500000.0,1000.0,,,,,,323000.0,,,,,,,,,,,,,,,,,,,,,1405.0,,,,300.0,0.0,,
Tonga,748,25.18,,5.35,63400000.0,23060000.0,24790000.0,27000000.0,244000000.0,2300.0,1.5,,,,680.0,86000000.0,8.6,12.62,10.3,18906.0,2900.0,,33910.0,69.53,,,,,,,,1000.0,,,0.0,,112422.0,,,,11200.0,9000.0,3.0,13.3
Trinidad and Tobago,5128,12.81,1548000000.0,9.37,2940000000.0,5341000000.0,5743000000.0,6671000000.0,11480000000.0,10500.0,5.7,3.2,1900.0,29000.0,8320.0,4650000000.0,7.2,24.31,3.3,8003.0,138000.0,19.4,590000.0,68.91,66700000.0,0.6,13760000000.0,11790000000.0,0.0,25000000000.0,589000000000.0,24000.0,,,140000.0,990000000.0,1088644.0,54.4,,2927000000.0,325100.0,361900.0,1.75,10.4
Tromelin Island,1,,,,,,,,,,,,,,,,,,,,,,,,,,,,,,,,,,,,,,,,,,,
Tunisia,163610,15.5,71850000.0,5.09,14710000000.0,10050000000.0,10720000000.0,9926000000.0,70880000000.0,7100.0,5.1,0.1,200.0,1000.0,18997.0,11520000000.0,4.4,24.77,4.1,281.0,630000.0,24.5,3550000.0,74.89,356000000.0,1.5,3830000000.0,0.0,1580000000.0,2250000000.0,77160000000.0,87000.0,,,72580.0,1700000000.0,10074951.0,59.2,2152.0,3509000000.0,1163800.0,1899900.0,1.75,13.8
Turkey,780580,16.83,-15300000000.0,5.96,16900000000.0,117900000000.0,139700000000.0,69460000000.0,508700000000.0,7400.0,8.2,0.1,,,354421.0,94500000000.0,16.5,41.04,9.3,355215.0,5500000.0,17.3,25300000.0,72.36,12155000000.0,5.3,15940000000.0,0.0,15750000000.0,312000000.0,8685000000.0,619500.0,46110.0,616500.0,48000.0,288400000.0,69660559.0,74.3,8671.0,37100000000.0,18916700.0,27887500.0,1.94,9.3
Turkmenistan,488100,27.68,114000000.0,8.78,2400000000.0,8908000000.0,11410000000.0,4000000000.0,27600000000.0,5700.0,7.5,0.1,100.0,200.0,24000.0,2850000000.0,22.0,73.08,9.0,524.0,8000.0,29.0,2320000.0,61.39,90000000.0,3.4,9600000000.0,43500000000.0,0.0,58570000000.0,1430000000000.0,63000.0,,,162500.0,273000000.0,4952081.0,,2440.0,3034000000.0,374000.0,52000.0,3.41,60.0
Turks and Caicos Islands,430,22.23,,4.28,,4650000.0,5000000.0,169200000.0,216000000.0,11500.0,4.9,,,,121.0,175600000.0,,15.67,4.0,,,,4848.0,74.51,,,,,,,,0.0,,,0.0,,20556.0,,,,5700.0,1700.0,3.08,10.0
Tuvalu,26,21.91,,7.22,,,,1000000.0,12200000.0,1100.0,3.0,,,,8.0,79000000.0,,20.03,5.0,,1300.0,,7000.0,68.01,,,,,,,,,,,,,11636.0,,,,700.0,0.0,3.0,
Uganda,236040,47.39,-590800000.0,12.8,3865000000.0,1401000000.0,1775000000.0,621700000.0,39390000000.0,1500.0,5.0,4.1,78000.0,530000.0,27000.0,1306000000.0,5.6,67.83,3.5,2692.0,125000.0,22.4,12410000.0,51.59,170300000.0,2.2,,,,,,8750.0,,,0.0,,27269482.0,73.9,1241.0,1200000000.0,61000.0,776200.0,6.74,
Ukraine,603700,10.49,4584000000.0,16.42,16370000000.0,132000000000.0,180000000000.0,32910000000.0,299100000000.0,6300.0,12.0,1.4,20000.0,360000.0,169679.0,31450000000.0,16.5,20.34,12.0,94345.0,3800000.0,18.8,21110000.0,66.85,617900000.0,1.4,79860000000.0,5800000000.0,60400000000.0,19600000000.0,560700000000.0,303000.0,,,72000.0,395000000.0,47425336.0,24.7,22473.0,11330000000.0,10833300.0,4200000.0,1.4,3.5
United Arab Emirates,82880,18.78,6300000000.0,4.26,5900000000.0,36510000000.0,45120000000.0,69480000000.0,63670000000.0,25200.0,5.7,0.18,,,1088.0,45660000000.0,4.0,14.51,3.2,56283.0,1110200.0,20.8,2360000.0,75.24,1600000000.0,3.1,33700000000.0,7190000000.0,0.0,44400000000.0,6060000000000.0,310000.0,2500000.0,0.0,2335000.0,97800000000.0,2563212.0,17.6,,18640000000.0,1135800.0,2972300.0,2.94,2.4
United Kingdom,244820,10.78,-33460000000.0,10.18,4710000000000.0,337400000000.0,395900000000.0,347200000000.0,1782000000000.0,29600.0,3.2,0.2,500.0,51000.0,392931.0,439400000000.0,0.9,5.16,1.4,3398708.0,25000000.0,16.2,29780000.0,78.38,42836500000.0,2.4,92850000000.0,15750000000.0,2700000000.0,105900000000.0,714900000000.0,1692000.0,1498000.0,1084000.0,1957000.0,25410000000.0,60441457.0,39.6,17186.0,48730000000.0,34898000.0,49677000.0,1.66,4.8
United States,9631418,14.14,-646500000000.0,8.25,1400000000000.0,3660000000000.0,3839000000000.0,795000000000.0,11750000000000.0,40100.0,4.4,0.6,14000.0,950000.0,6393603.0,1476000000000.0,4.4,6.5,2.5,115311958.0,159000000.0,15.7,147400000.0,77.71,370700000000.0,3.3,640900000000.0,11160000000.0,114100000000.0,548100000000.0,5195000000000.0,19650000.0,,,7800000.0,22450000000.0,295734134.0,65.0,228464.0,85940000000.0,181599900.0,158722000.0,2.08,5.5
Uruguay,176220,14.09,181800000.0,9.06,12800000000.0,5878000000.0,8536000000.0,2200000000.0,49270000000.0,14500.0,10.2,0.3,500.0,6000.0,8983.0,2071000000.0,22.0,11.95,7.6,87630.0,400000.0,9.6,1560000.0,76.13,257500000.0,2.0,64500000.0,0.0,65000000.0,0.0,,41500.0,,,0.0,,3415920.0,,2073.0,2362000000.0,946500.0,652000.0,1.91,13.0
Uzbekistan,447400,26.22,461900000.0,7.95,4351000000.0,46660000000.0,47700000000.0,3700000000.0,47590000000.0,1800.0,4.4,0.1,500.0,11000.0,81600.0,2820000000.0,6.2,71.1,3.0,1040.0,492000.0,,14640000.0,64.19,200000000.0,2.0,45200000000.0,17900000000.0,0.0,63100000000.0,937300000000.0,142000.0,,,143300.0,297000000.0,26851195.0,41.5,3950.0,1603000000.0,1717100.0,320800.0,2.94,0.6
Vanuatu,12200,23.06,,7.9,83700000.0,45030000.0,48420000.0,26600000.0,580000000.0,2900.0,1.1,,,,1070.0,138000000.0,1.0,55.16,3.1,512.0,7500.0,,,62.49,,,,,,,,600.0,,,0.0,,205754.0,,,,6500.0,7800.0,2.77,
Venezuela,912050,18.91,14590000000.0,4.9,33290000000.0,89300000000.0,89700000000.0,35840000000.0,145200000000.0,5800.0,16.8,0.7,4100.0,110000.0,96155.0,14980000000.0,12.3,22.2,22.4,35301.0,1274400.0,12.9,12250000.0,74.31,1687000000.0,1.5,29400000000.0,0.0,0.0,29400000000.0,4190000000000.0,500000.0,2100000.0,,2600000.0,78000000000.0,25375281.0,43.1,682.0,25750000000.0,2841800.0,6463600.0,2.26,17.1
Vietnam,329560,17.07,-2061000000.0,6.2,16550000000.0,32060000000.0,34480000000.0,23720000000.0,227200000000.0,2700.0,7.7,0.4,9000.0,220000.0,93300.0,26310000000.0,16.0,25.95,9.5,340.0,3500000.0,36.6,42980000.0,70.61,650000000.0,2.5,1300000000.0,0.0,0.0,1300000000.0,192600000000.0,185000.0,,,359400.0,650000000.0,83535576.0,65.9,2600.0,6510000000.0,4402000.0,2742000.0,1.94,1.9
Virgin Islands,352,14.2,,6.26,,962600000.0,1035000000.0,,2500000000.0,17200.0,2.0,,,,1257.0,,,8.03,2.2,,30000.0,,48900.0,78.91,,,,,,,,66000.0,,,0.0,,108708.0,,,,69400.0,41000.0,2.19,9.3
Wake Island,7,,,,,,,,,,,,,,,,,,,,,,,,,,,,,,,,,,,,,,,,,,,
Wallis and Futuna,274,,,,,,,250000.0,60000000.0,3800.0,,,,,120.0,300000.0,,,,,900.0,,,,,,,,,,,,,,,,16025.0,,,,1900.0,0.0,,
West Bank,5860,32.37,,3.99,108000000.0,,,205000000.0,1800000000.0,800.0,6.0,,,,4500.0,1500000000.0,,19.62,2.2,,145000.0,,364000.0,73.08,,,,,,,,,,,,,2385615.0,,,,301600.0,480000.0,4.4,27.2
Western Sahara,266000,,,,,83700000.0,90000000.0,,,,,,,,6200.0,,,,,,,,12000.0,,,,,,,,,1800.0,,,0.0,,273008.0,,,,,0.0,,
Yemen,527970,43.07,369900000.0,8.53,5400000000.0,2827000000.0,3040000000.0,4468000000.0,16250000000.0,800.0,1.9,0.1,,12000.0,67000.0,3734000000.0,3.0,61.5,12.2,138.0,100000.0,16.1,5980000.0,61.75,885500000.0,7.8,0.0,0.0,0.0,0.0,480000000000.0,78000.0,370300.0,,417500.0,4000000000.0,20727063.0,46.4,,5300000000.0,542200.0,411100.0,6.67,35.0
Zambia,752614,41.38,-181400000.0,20.23,5353000000.0,5345000000.0,8167000000.0,1548000000.0,9409000000.0,900.0,4.6,16.5,89000.0,920000.0,91440.0,1519000000.0,6.9,88.29,18.3,1880.0,68200.0,41.4,4630000.0,39.7,106800000.0,1.8,,,,,,11000.0,,,0.0,,11261795.0,127.5,2173.0,345000000.0,88400.0,241000.0,5.47,50.0
Zimbabwe,390580,29.74,-230300000.0,24.66,4086000000.0,11220000000.0,8839000000.0,1409000000.0,24370000000.0,1900.0,-8.2,24.6,170000.0,1800000.0,18338.0,1599000000.0,-7.8,67.69,133.0,4501.0,500000.0,9.9,4230000.0,36.67,217000000.0,4.3,,,,,,23000.0,,,0.0,,12746990.0,52.3,3077.0,57000000.0,300900.0,379100.0,3.54,70.0
